	TEAM	GP	AST	APG	TO	TOPG	AST/TO	Season	BLK/PF	PF	BLK	BLKPG	OFF	RPG	REB	ORPG	DRPG	DEF	STL	ST/PF	ST/TO	STPG	2PA	PPG	3PATotal	2P%	3PMTotal	PPS	3PMPG	3PAPG	FG%	2PM	3P%	FTAPG	FTATotal	FT%	FTMPG	FTMTotal
0	UCLA	33	709	21.5	381	11.5	1.86	2016	0.33	542	178	5.39	322	39.2	1294	9.8	29.5	972	202	0.37	0.53	6.12	1337	90.4	807	.588	327	1.39	9.9	24	.595	786	.405	17.5	576	.745	13.0	429
1	North Carolina	34	619	18.2	405	11.9	1.53	2016	0.18	605	110	3.24	537	43.5	1479	15.8	27.7	942	236	0.39	0.58	6.94	1567	84.9	672	.516	246	1.29	7.2	20	.526	809	.366	22.1	753	.705	15.6	531
2	Purdue	32	581	18.2	419	13.1	1.39	2016	0.16	504	80	2.50	315	37.9	1214	9.8	28.1	899	167	0.33	0.40	5.22	1155	80.1	709	.525	288	1.38	9.0	22	.557	606	.406	20.0	639	.764	15.3	488
3	Lipscomb	33	599	18.2	500	15.2	1.20	2016	0.15	702	104	3.15	340	36.8	1214	10.3	26.5	874	218	0.31	0.44	6.61	1050	85.0	928	.570	340	1.42	10.3	28	.561	599	.366	24.6	811	.723	17.8	586
4	Canisius	33	579	17.5	436	13.2	1.33	2016	0.10	643	63	1.91	358	33.2	1094	10.8	22.3	736	223	0.35	0.51	6.76	1191	78.5	812	.509	304	1.29	9.2	25	.530	606	.374	19.3	636	.734	14.2	467
5	William &amp; Mary	31	543	17.5	388	12.5	1.40	2016	0.27	566	152	4.90	271	36.2	1123	8.7	27.5	852	167	0.30	0.43	5.39	1068	81.7	740	.566	283	1.40	9.1	24	.569	604	.382	22.2	689	.692	15.4	477
6	Fort Wayne	31	543	17.5	422	13.6	1.29	2016	0.22	559	122	3.94	322	37.7	1170	10.4	27.4	848	246	0.44	0.58	7.94	1189	87.7	819	.559	333	1.35	10.7	26	.580	665	.407	17.1	531	.734	12.6	390
7	Iowa	32	555	17.3	439	13.7	1.26	2016	0.21	569	122	3.81	384	38.4	1229	12.0	26.4	845	241	0.42	0.55	7.53	1259	80.0	738	.493	274	1.28	8.6	23	.517	621	.371	22.1	707	.700	15.5	495
8	Savannah State	29	501	17.3	431	14.9	1.16	2016	0.16	571	94	3.24	358	40.3	1169	12.3	28.0	811	226	0.40	0.52	7.79	848	85.7	1182	.520	392	1.22	13.5	41	.507	441	.332	22.7	659	.648	14.7	427
9	Creighton	34	587	17.3	424	12.5	1.38	2016	0.18	563	99	2.91	278	34.9	1186	8.2	26.7	908	210	0.37	0.50	6.18	1327	82.1	744	.569	297	1.35	8.7	22	.580	755	.399	16.9	573	.682	11.5	391
10	Oakland	32	549	17.2	435	13.6	1.26	2016	0.30	556	165	5.16	329	38.9	1246	10.3	28.7	917	259	0.47	0.60	8.09	1247	79.4	688	.524	227	1.31	7.1	22	.513	653	.330	22.8	730	.760	17.3	555
11	The Citadel	33	561	17.0	473	14.3	1.19	2016	0.12	737	85	2.58	448	37.4	1234	13.6	23.8	786	306	0.42	0.65	9.27	1193	89.8	1166	.489	397	1.26	12.0	35	.500	583	.340	24.3	802	.757	18.4	607
12	Michigan State	33	560	17.0	468	14.2	1.20	2016	0.24	667	158	4.79	313	36.7	1211	9.5	27.2	898	147	0.22	0.31	4.45	1128	71.7	689	.524	259	1.30	7.8	21	.539	591	.376	18.6	614	.664	12.4	408
13	Richmond	32	542	16.9	373	11.7	1.45	2016	0.11	587	62	1.94	221	31.2	998	6.9	24.3	777	218	0.37	0.58	6.81	1095	74.1	731	.549	250	1.30	7.8	23	.535	601	.342	18.3	587	.712	13.1	418
14	Saint Mary's	32	536	16.8	337	10.5	1.59	2016	0.22	472	102	3.19	308	35.6	1140	9.6	26.0	832	133	0.28	0.39	4.16	992	72.0	706	.565	282	1.36	8.8	22	.579	560	.399	14.1	452	.748	10.6	338
15	West Virginia	34	569	16.7	417	12.3	1.36	2016	0.23	694	159	4.68	487	37.3	1268	14.3	23.0	781	353	0.51	0.85	10.38	1442	82.0	711	.506	257	1.29	7.6	21	.518	729	.361	24.2	823	.678	16.4	558
16	Wofford	33	552	16.7	405	12.3	1.36	2016	0.12	616	71	2.15	323	33.5	1107	9.8	23.8	784	186	0.30	0.46	5.64	1155	78.6	771	.510	311	1.35	9.4	23	.548	589	.403	18.7	618	.780	14.6	482
17	TCU	34	563	16.6	443	13.0	1.27	2016	0.26	590	156	4.59	385	35.5	1206	11.3	24.1	821	218	0.37	0.49	6.41	1282	73.9	688	.523	242	1.28	7.1	20	.525	671	.352	19.0	646	.687	13.1	444
18	Wichita State	34	563	16.6	379	11.1	1.49	2016	0.20	643	127	3.74	406	40.8	1388	11.9	28.9	982	233	0.36	0.61	6.85	1280	82.1	725	.510	296	1.39	8.7	21	.547	653	.408	23.9	812	.734	17.5	596
19	Marquette	31	513	16.5	378	12.2	1.36	2016	0.19	600	112	3.61	274	33.3	1031	8.8	24.4	757	228	0.38	0.60	7.35	1080	82.5	755	.527	325	1.39	10.5	24	.576	569	.430	18.4	571	.779	14.4	445
20	Marshall	35	576	16.5	433	12.4	1.33	2016	0.22	643	140	4.00	325	37.0	1294	9.3	27.7	969	211	0.33	0.49	6.03	1275	85.6	962	.522	356	1.34	10.2	27	.536	665	.370	23.3	816	.734	17.1	599
21	Louisiana Tech	33	543	16.5	407	12.3	1.33	2016	0.34	519	176	5.33	335	37.8	1246	10.2	27.6	911	223	0.43	0.55	6.76	1241	77.5	711	.527	257	1.31	7.8	22	.533	654	.361	20.4	674	.709	14.5	478
22	Oregon	34	558	16.4	394	11.6	1.42	2016	0.41	545	226	6.65	355	36.4	1237	10.4	25.9	882	221	0.41	0.56	6.50	1209	79.1	773	.548	292	1.36	8.6	23	.555	662	.378	20.2	688	.711	14.4	489
23	Toledo	33	540	16.4	438	13.3	1.23	2016	0.16	563	91	2.76	334	37.7	1243	10.1	27.5	909	133	0.24	0.30	4.03	1205	79.0	704	.547	256	1.37	7.8	21	.546	659	.364	22.7	748	.695	15.8	520
24	SMU	34	556	16.4	369	10.9	1.51	2016	0.24	490	117	3.44	406	38.4	1304	11.9	26.4	898	195	0.40	0.53	5.74	1197	74.5	682	.512	277	1.35	8.1	20	.547	613	.406	20.2	686	.695	14.0	477
25	Samford	34	554	16.3	466	13.7	1.19	2016	0.12	652	81	2.38	332	36.4	1238	9.8	26.6	906	214	0.33	0.46	6.29	1268	79.4	673	.501	271	1.39	8.0	20	.537	635	.403	24.4	831	.740	18.1	615
26	Kansas	32	521	16.3	419	13.1	1.24	2016	0.26	578	150	4.69	385	38.8	1243	12.0	26.8	858	222	0.38	0.53	6.94	1254	82.7	689	.532	279	1.36	8.7	22	.559	667	.405	22.3	715	.666	14.9	476
27	Army	32	519	16.2	483	15.1	1.07	2016	0.10	621	61	1.91	317	37.9	1213	9.9	28.0	896	178	0.29	0.37	5.56	1083	72.6	825	.509	291	1.22	9.1	26	.518	551	.353	16.7	533	.655	10.9	349
28	UNC Wilmington	34	550	16.2	354	10.4	1.55	2016	0.17	679	117	3.44	408	35.9	1221	12.0	23.9	813	232	0.34	0.66	6.82	1279	85.2	891	.563	326	1.33	9.6	26	.557	720	.366	20.3	691	.692	14.1	478
29	Belmont	28	450	16.1	353	12.6	1.27	2016	0.15	498	75	2.68	234	35.1	983	8.4	26.8	749	125	0.25	0.35	4.46	753	77.4	831	.623	281	1.37	10.0	30	.562	469	.338	17.9	502	.769	13.8	386
30	Morehead State	30	482	16.1	404	13.5	1.19	2016	0.15	633	95	3.17	396	37.6	1128	13.2	24.4	732	202	0.32	0.50	6.73	1338	79.0	568	.493	219	1.24	7.3	19	.518	659	.386	18.1	544	.726	13.2	395
31	Nevada	34	546	16.1	379	11.1	1.44	2016	0.26	567	148	4.35	376	38.9	1323	11.1	27.9	947	180	0.32	0.47	5.29	1206	80.0	811	.493	312	1.35	9.2	24	.527	595	.385	24.8	843	.703	17.4	593
32	Massachusetts	33	529	16.0	489	14.8	1.08	2016	0.23	722	169	5.12	333	35.9	1185	10.1	25.8	852	250	0.35	0.51	7.58	1150	71.8	789	.533	234	1.22	7.1	24	.497	613	.297	20.3	671	.660	13.4	443
33	Gonzaga	33	529	16.0	373	11.3	1.42	2016	0.27	541	147	4.45	309	40.3	1330	9.4	30.9	1021	236	0.44	0.63	7.15	1304	84.6	631	.584	241	1.44	7.3	19	.580	761	.382	22.4	740	.738	16.5	546
34	Tenn-Martin	33	529	16.0	501	15.2	1.06	2016	0.20	585	116	3.52	436	37.8	1247	13.2	24.6	811	218	0.37	0.44	6.61	1198	77.2	763	.544	266	1.30	8.1	23	.536	652	.349	19.5	643	.694	13.5	446
35	Notre Dame	34	544	16.0	321	9.4	1.69	2016	0.25	503	128	3.76	317	33.8	1148	9.3	24.4	831	244	0.49	0.76	7.18	1203	78.0	830	.513	320	1.30	9.4	24	.540	617	.386	16.9	573	.799	13.5	458
36	UMass Lowell	31	495	16.0	474	15.3	1.04	2016	0.10	622	64	2.06	280	33.5	1038	9.0	24.5	758	171	0.27	0.36	5.52	1163	78.4	662	.532	258	1.33	8.3	21	.551	619	.390	18.3	567	.735	13.5	417
37	Memphis	32	508	15.9	368	11.5	1.38	2016	0.28	534	150	4.69	373	36.6	1172	11.7	25.0	799	221	0.41	0.60	6.91	1313	74.0	613	.511	181	1.23	5.7	19	.489	671	.295	22.1	706	.683	15.1	482
38	Seattle	30	476	15.9	436	14.5	1.09	2016	0.11	568	62	2.07	223	33.7	1011	7.4	26.3	788	199	0.35	0.46	6.63	889	69.7	757	.510	260	1.27	8.7	25	.512	453	.343	19.1	573	.707	13.5	405
39	Kennesaw State	32	507	15.8	431	13.5	1.18	2016	0.15	613	95	2.97	358	35.8	1147	11.2	24.7	789	163	0.27	0.38	5.09	1437	75.0	495	.477	206	1.24	6.4	15	.515	686	.416	18.6	595	.691	12.8	411
40	Indiana	33	471	14.3	501	15.2	0.94	2016	0.23	664	155	4.70	402	39.1	1291	12.2	26.9	889	205	0.31	0.41	6.21	1189	80.2	757	.544	290	1.36	8.8	23	.556	647	.383	20.2	665	.728	14.7	484
41	Virginia	32	456	14.3	305	9.5	1.50	2016	0.25	520	130	4.06	282	32.9	1054	8.8	24.1	772	181	0.35	0.59	5.66	1147	66.6	570	.500	224	1.24	7.0	18	.529	573	.393	13.8	442	.708	9.8	313
42	IUPUI	32	455	14.2	401	12.5	1.13	2016	0.13	655	87	2.72	348	34.5	1104	10.9	23.6	756	217	0.33	0.54	6.78	1214	78.1	743	.490	288	1.28	9.0	23	.525	595	.388	20.4	653	.683	13.9	446
43	SE Louisiana	32	455	14.2	512	16.0	0.89	2016	0.17	619	106	3.31	384	36.1	1154	12.0	24.1	770	218	0.35	0.43	6.81	1177	70.9	593	.494	215	1.28	6.7	19	.510	581	.363	21.1	675	.683	14.4	461
44	Providence	32	454	14.2	403	12.6	1.13	2016	0.18	548	96	3.00	287	33.5	1073	9.0	24.6	786	215	0.39	0.53	6.72	1119	70.3	625	.491	230	1.29	7.2	20	.513	549	.368	20.8	666	.691	14.4	460
45	La Salle	30	425	14.2	393	13.1	1.08	2016	0.11	559	64	2.13	249	32.4	973	8.3	24.1	724	191	0.34	0.49	6.37	966	75.5	700	.524	255	1.36	8.5	23	.533	506	.364	21.3	638	.766	16.3	489
46	North Carolina Central	33	466	14.1	397	12.0	1.17	2016	0.20	572	113	3.42	388	38.8	1281	11.8	27.1	893	199	0.35	0.50	6.03	1203	75.1	735	.529	250	1.28	7.6	22	.522	636	.340	20.3	671	.681	13.8	457
47	Rider	33	466	14.1	481	14.6	0.97	2016	0.18	650	119	3.61	421	40.3	1330	12.8	27.5	909	219	0.34	0.46	6.64	1495	75.7	539	.487	179	1.23	5.4	16	.490	728	.332	22.8	752	.672	15.3	505
48	Oral Roberts	30	423	14.1	360	12.0	1.18	2016	0.16	535	88	2.93	278	34.5	1034	9.3	25.2	756	162	0.30	0.45	5.40	1232	75.1	588	.482	216	1.24	7.2	20	.504	594	.367	18.3	548	.759	13.9	416
49	UIC	33	465	14.1	531	16.1	0.88	2016	0.27	623	170	5.15	387	39.7	1309	11.7	27.9	922	175	0.28	0.33	5.30	1272	76.4	670	.483	244	1.30	7.4	20	.505	615	.364	23.8	785	.711	16.9	558
50	Arkansas	34	479	14.1	399	11.7	1.20	2016	0.23	699	161	4.74	385	36.3	1233	11.3	24.9	848	256	0.37	0.64	7.53	1436	79.8	610	.502	222	1.33	6.5	18	.515	721	.364	23.4	794	.762	17.8	605
51	Jacksonville State	34	479	14.1	463	13.6	1.03	2016	0.21	614	126	3.71	351	35.9	1221	10.3	25.6	870	156	0.25	0.34	4.59	1157	69.7	666	.506	248	1.30	7.3	20	.526	586	.372	18.8	639	.712	13.4	455
52	Abilene Christian	29	408	14.1	412	14.2	0.99	2016	0.13	631	83	2.86	222	31.2	905	7.7	23.6	683	210	0.33	0.51	7.24	1005	69.3	550	.511	207	1.29	7.1	19	.530	514	.376	18.8	544	.662	12.4	360
53	Santa Clara	33	464	14.1	341	10.3	1.36	2016	0.11	617	65	1.97	203	29.7	981	6.2	23.6	778	170	0.28	0.50	5.15	952	66.8	832	.483	318	1.24	9.6	25	.525	460	.382	13.7	451	.732	10.0	330
54	Bethune-Cookman	32	448	14.0	413	12.9	1.08	2016	0.15	644	96	3.00	397	35.4	1134	12.4	23.0	737	245	0.38	0.59	7.66	1309	71.1	712	.468	228	1.13	7.1	22	.472	612	.320	17.3	554	.662	11.5	367
55	Buffalo	31	434	14.0	453	14.6	0.96	2016	0.16	724	115	3.71	385	40.2	1247	12.4	27.8	862	174	0.24	0.38	5.61	1183	77.5	706	.518	231	1.27	7.5	23	.508	613	.327	22.5	697	.692	15.5	482
56	Northwestern State	29	406	14.0	439	15.1	0.92	2016	0.14	568	78	2.69	337	36.2	1050	11.6	24.6	713	196	0.35	0.45	6.76	1144	76.0	554	.479	203	1.30	7.0	19	.502	548	.366	24.9	723	.690	17.2	499
57	Northern Kentucky	34	475	14.0	460	13.5	1.03	2016	0.16	600	95	2.79	378	37.6	1279	11.1	26.5	901	194	0.32	0.42	5.71	1137	76.1	827	.536	292	1.32	8.6	24	.534	610	.353	21.4	729	.676	14.5	493
58	Texas Tech	32	447	14.0	354	11.1	1.26	2016	0.18	561	100	3.13	299	33.0	1055	9.3	23.6	756	169	0.30	0.48	5.28	1204	73.3	575	.517	212	1.32	6.6	18	.529	623	.369	19.8	633	.733	14.5	464
59	Hawai'i	30	418	13.9	414	13.8	1.01	2016	0.10	570	57	1.90	287	32.2	966	9.6	22.6	679	150	0.26	0.36	5.00	992	68.1	658	.488	214	1.24	7.1	22	.488	484	.325	20.1	604	.715	14.4	432
60	Colorado	33	459	13.9	403	12.2	1.14	2016	0.24	607	143	4.33	388	37.6	1241	11.8	25.8	853	169	0.28	0.42	5.12	1237	75.6	685	.499	241	1.30	7.3	21	.509	617	.352	23.2	764	.703	16.3	537
61	Tennessee Tech	32	445	13.9	434	13.6	1.03	2016	0.18	675	123	3.84	356	36.3	1161	11.1	25.2	805	215	0.32	0.50	6.72	1124	72.4	743	.485	241	1.24	7.5	23	.486	545	.324	22.3	712	.708	15.8	504
62	Murray State	33	458	13.9	403	12.2	1.14	2016	0.11	659	75	2.27	399	37.7	1243	12.1	25.6	844	198	0.30	0.49	6.00	1237	80.0	803	.493	289	1.29	8.8	24	.512	610	.360	22.8	751	.735	16.7	552
63	Nicholls	31	430	13.9	451	14.5	0.95	2016	0.32	599	190	6.13	303	32.9	1019	9.8	23.1	716	234	0.39	0.52	7.55	1001	74.7	805	.493	278	1.28	9.0	26	.504	493	.345	21.6	671	.739	16.0	496
64	Omaha	32	442	13.8	444	13.9	1.00	2016	0.17	616	107	3.34	338	35.9	1149	10.6	25.3	811	262	0.43	0.59	8.19	1207	83.9	765	.495	297	1.36	9.3	24	.529	598	.388	25.0	799	.748	18.7	598
65	Green Bay	31	428	13.8	433	14.0	0.99	2016	0.22	608	131	4.23	377	41.2	1278	12.2	29.1	901	239	0.39	0.55	7.71	1406	80.1	591	.491	193	1.24	6.2	19	.490	690	.327	24.5	761	.689	16.9	524
66	Michigan	35	483	13.8	330	9.4	1.46	2016	0.18	527	97	2.77	263	29.4	1029	7.5	21.9	766	208	0.39	0.63	5.94	1045	74.8	860	.567	328	1.37	9.4	25	.569	592	.381	16.6	581	.775	12.9	450
67	Appalachian State	30	414	13.8	414	13.8	1.00	2016	0.14	642	91	3.03	339	37.5	1126	11.3	26.2	787	167	0.26	0.40	5.57	1039	73.6	744	.479	251	1.24	8.4	25	.490	498	.337	22.5	674	.681	15.3	459
68	Arizona	34	469	13.8	389	11.4	1.21	2016	0.19	577	110	3.24	350	36.8	1250	10.3	26.5	900	187	0.32	0.48	5.50	1297	76.3	576	.510	229	1.38	6.7	17	.537	662	.398	22.6	768	.758	17.1	582
69	Northern Arizona	32	441	13.8	465	14.5	0.95	2016	0.11	590	65	2.03	382	38.0	1217	11.9	26.1	835	143	0.24	0.31	4.47	1146	69.3	745	.462	239	1.17	7.5	23	.470	530	.321	20.2	645	.684	13.8	441
70	Tennessee	32	441	13.8	399	12.5	1.11	2016	0.22	670	147	4.59	388	37.7	1206	12.1	25.6	818	175	0.26	0.44	5.47	1324	74.5	579	.464	189	1.25	5.9	18	.472	614	.326	25.2	807	.729	18.4	588
71	Eastern Kentucky	31	427	13.8	432	13.9	0.99	2016	0.18	619	114	3.68	286	32.9	1019	9.2	23.6	733	185	0.30	0.43	5.97	1019	70.9	733	.505	235	1.25	7.6	24	.495	515	.321	21.1	655	.705	14.9	462
72	Rice	33	454	13.8	490	14.8	0.93	2016	0.19	634	122	3.70	339	38.1	1258	10.3	27.8	919	205	0.32	0.42	6.21	1127	81.5	800	.511	311	1.40	9.4	24	.541	576	.389	24.8	820	.737	18.3	604
73	Southeast Missouri State	33	454	13.8	410	12.4	1.11	2016	0.10	644	63	1.91	289	31.0	1024	8.8	22.3	735	248	0.39	0.60	7.52	1180	74.5	716	.499	263	1.30	8.0	22	.519	589	.367	20.1	664	.742	14.9	493
74	CSU Northridge	30	411	13.7	399	13.3	1.03	2016	0.14	638	90	3.00	295	35.0	1051	9.8	25.2	756	207	0.32	0.52	6.90	1332	78.0	415	.496	145	1.34	4.8	14	.503	661	.349	26.7	801	.729	19.5	584
75	Penn State	33	452	13.7	430	13.0	1.05	2016	0.31	596	182	5.52	330	35.4	1169	10.0	25.4	839	225	0.38	0.52	6.82	1312	71.7	679	.454	230	1.19	7.0	21	.472	595	.339	19.8	654	.745	14.8	487
76	San Jose State	29	397	13.7	377	13.0	1.05	2016	0.22	566	125	4.31	267	33.2	964	9.2	24.0	697	177	0.31	0.47	6.10	1141	71.9	545	.480	188	1.24	6.5	19	.492	548	.345	20.9	607	.702	14.7	426
77	Boston University	31	423	13.6	444	14.3	0.95	2016	0.13	596	78	2.52	311	35.4	1097	10.0	25.4	786	256	0.43	0.58	8.26	1045	72.5	743	.500	262	1.26	8.5	24	.512	523	.353	19.3	598	.696	13.4	416
78	Grand Canyon	31	423	13.6	397	12.8	1.07	2016	0.15	539	79	2.55	335	37.6	1166	10.8	26.8	831	233	0.43	0.59	7.52	1193	73.6	619	.490	205	1.26	6.6	20	.493	585	.331	24.1	747	.665	16.0	497
79	Stetson	32	436	13.6	362	11.3	1.20	2016	0.12	608	71	2.22	274	35.3	1128	8.6	26.7	854	155	0.25	0.43	4.84	1237	77.2	770	.505	261	1.23	8.2	24	.506	625	.339	20.8	665	.659	13.7	438
80	Old Dominion	31	422	13.6	348	11.2	1.21	2016	0.25	566	142	4.58	412	38.4	1190	13.3	25.1	778	196	0.35	0.56	6.32	1280	64.5	485	.445	157	1.13	5.1	16	.456	570	.324	19.4	602	.643	12.5	387
81	Louisville	32	435	13.6	357	11.2	1.22	2016	0.28	622	175	5.47	426	39.7	1270	13.3	26.4	844	216	0.35	0.61	6.75	1325	77.5	636	.502	228	1.27	7.1	20	.514	665	.358	21.3	682	.685	14.6	467
82	Stanford	31	421	13.6	399	12.9	1.06	2016	0.13	604	79	2.55	316	34.4	1067	10.2	24.2	751	211	0.35	0.53	6.81	1263	69.7	490	.487	157	1.23	5.1	16	.485	615	.320	21.8	676	.682	14.9	461
83	Ohio State	32	434	13.6	423	13.2	1.03	2016	0.22	562	121	3.78	324	37.3	1192	10.1	27.1	868	166	0.30	0.39	5.19	1194	72.8	592	.516	211	1.30	6.6	19	.522	616	.356	21.3	680	.682	14.5	464
84	New Mexico	31	420	13.5	403	13.0	1.04	2016	0.18	612	109	3.52	274	34.5	1071	8.8	25.7	797	189	0.31	0.47	6.10	1249	73.6	444	.507	145	1.35	4.7	14	.502	633	.327	25.2	780	.746	18.8	582
85	Pepperdine	31	420	13.5	389	12.5	1.08	2016	0.16	531	84	2.71	295	33.3	1032	9.5	23.8	737	157	0.30	0.40	5.06	1328	69.0	482	.474	178	1.18	5.7	16	.495	629	.369	17.5	543	.641	11.2	348
86	Illinois State	33	447	13.5	412	12.5	1.08	2016	0.27	585	158	4.79	347	37.0	1221	10.5	26.5	874	237	0.41	0.58	7.18	1104	68.8	747	.489	271	1.23	8.2	23	.511	540	.363	17.3	572	.661	11.5	378
87	Navy	32	433	13.5	464	14.5	0.93	2016	0.11	594	66	2.06	424	35.4	1134	13.3	22.2	710	227	0.38	0.49	7.09	1070	64.9	670	.494	206	1.19	6.4	21	.482	529	.307	19.5	624	.641	12.5	400
88	Wisconsin	34	460	13.5	373	11.0	1.23	2016	0.23	535	121	3.56	420	37.3	1269	12.4	25.0	849	234	0.44	0.63	6.88	1249	71.9	723	.508	257	1.24	7.6	21	.517	634	.355	18.6	632	.644	12.0	407
89	Siena	34	460	13.5	476	14.0	0.97	2016	0.21	664	140	4.12	430	37.8	1284	12.6	25.1	854	199	0.30	0.42	5.85	1421	75.0	568	.502	186	1.28	5.5	17	.499	713	.327	23.4	795	.711	16.6	565
90	Northern Colorado	29	392	13.5	407	14.0	0.96	2016	0.11	563	64	2.21	310	37.1	1075	10.7	26.4	765	147	0.26	0.36	5.07	929	71.6	736	.515	254	1.25	8.8	25	.516	478	.345	20.4	591	.604	12.3	357
91	St. John's	33	446	13.5	433	13.1	1.03	2016	0.29	688	197	5.97	337	34.4	1136	10.2	24.2	799	224	0.33	0.52	6.79	1237	76.8	763	.475	278	1.27	8.4	23	.503	588	.364	21.9	724	.724	15.9	524
92	Mercer	32	432	13.5	367	11.5	1.18	2016	0.14	546	74	2.31	367	36.7	1174	11.5	25.2	807	134	0.25	0.37	4.19	1076	70.9	698	.505	244	1.28	7.6	22	.513	543	.350	17.9	574	.782	14.0	449
93	Holy Cross	32	431	13.5	351	11.0	1.23	2016	0.15	515	76	2.38	189	25.3	811	5.9	19.4	622	302	0.59	0.86	9.44	866	60.4	685	.493	236	1.25	7.4	21	.504	427	.345	16.7	534	.693	11.6	370
94	Indiana State	31	417	13.5	396	12.8	1.05	2016	0.19	660	126	4.06	264	35.8	1111	8.5	27.3	847	204	0.31	0.52	6.58	1105	70.0	727	.460	254	1.18	8.2	23	.485	508	.349	18.6	576	.681	12.6	392
95	Jacksonville	32	430	13.4	413	12.9	1.04	2016	0.09	605	56	1.75	293	32.6	1044	9.2	23.5	751	259	0.43	0.63	8.09	1035	77.5	784	.513	319	1.36	10.0	25	.555	531	.407	19.8	632	.731	14.4	462
96	Rhode Island	33	443	13.4	370	11.2	1.20	2016	0.29	688	201	6.09	392	37.4	1235	11.9	25.5	843	210	0.31	0.57	6.36	1292	73.4	609	.505	207	1.27	6.3	18	.507	653	.340	22.8	752	.657	15.0	494
97	Eastern Michigan	33	443	13.4	399	12.1	1.11	2016	0.20	703	144	4.36	420	36.4	1200	12.7	23.6	780	317	0.45	0.79	9.61	1430	77.8	616	.494	211	1.25	6.4	19	.500	707	.343	21.7	716	.725	15.7	519
98	UL Monroe	33	443	13.4	433	13.1	1.02	2016	0.13	576	73	2.21	347	35.5	1172	10.5	25.0	825	154	0.27	0.36	4.67	1203	66.6	712	.480	237	1.15	7.2	22	.487	577	.333	15.1	498	.669	10.1	333
99	Ohio	31	416	13.4	388	12.5	1.07	2016	0.16	550	88	2.84	284	36.9	1143	9.2	27.7	859	182	0.33	0.47	5.87	1096	77.0	742	.502	285	1.30	9.2	24	.532	550	.384	20.2	626	.690	13.9	432
100	Delaware State	32	429	13.4	436	13.6	0.98	2016	0.15	608	89	2.78	348	33.0	1057	10.9	22.2	709	177	0.29	0.41	5.53	1138	68.3	727	.456	263	1.17	8.2	23	.490	519	.362	17.0	545	.659	11.2	359
101	Fordham	32	429	13.4	418	13.1	1.03	2016	0.15	611	91	2.84	261	28.5	913	8.2	20.4	652	315	0.52	0.75	9.84	991	65.3	791	.481	264	1.17	8.3	25	.490	477	.334	14.8	474	.726	10.8	344
102	Evansville	33	442	13.4	389	11.8	1.14	2016	0.15	659	99	3.00	298	34.4	1136	9.0	25.4	838	172	0.26	0.44	5.21	1415	69.3	347	.476	127	1.30	3.8	11	.490	673	.366	23.8	787	.713	17.0	561
103	Vermont	34	455	13.4	383	11.3	1.19	2016	0.28	539	150	4.41	318	34.2	1164	9.4	24.9	846	193	0.36	0.50	5.68	1254	73.6	594	.556	219	1.35	6.4	17	.555	697	.369	18.9	641	.702	13.2	450
104	Northeastern	31	414	13.4	390	12.6	1.06	2016	0.21	522	112	3.61	264	33.5	1039	8.5	25.0	775	170	0.33	0.44	5.48	954	72.1	728	.524	267	1.33	8.6	23	.535	500	.367	20.5	636	.681	14.0	433
105	Brown	30	399	13.3	430	14.3	0.93	2016	0.09	597	56	1.87	275	31.1	933	9.2	21.9	658	228	0.38	0.53	7.60	995	75.8	665	.493	244	1.37	8.1	22	.516	491	.367	24.6	739	.759	18.7	561
106	Illinois	32	425	13.3	397	12.4	1.07	2016	0.13	581	74	2.31	313	34.8	1114	9.8	25.0	801	170	0.29	0.43	5.31	1188	71.8	650	.492	240	1.25	7.5	20	.514	585	.369	18.5	593	.686	12.7	407
107	Alcorn State	32	425	13.3	452	14.1	0.94	2016	0.19	610	113	3.53	387	38.8	1243	12.1	26.8	856	209	0.34	0.46	6.53	1197	69.4	669	.483	222	1.19	6.9	21	.488	578	.332	19.1	612	.652	12.5	399
108	George Washington	33	438	13.3	433	13.1	1.01	2016	0.25	512	128	3.88	378	36.9	1218	11.5	25.5	840	178	0.35	0.41	5.39	1118	69.8	700	.453	260	1.27	7.9	21	.493	506	.371	20.6	681	.750	15.5	511
109	South Dakota State	34	451	13.3	440	12.9	1.03	2016	0.14	567	79	2.32	307	35.0	1190	9.0	26.0	883	177	0.31	0.40	5.21	1017	77.6	863	.541	313	1.40	9.2	25	.542	550	.363	22.7	771	.776	17.6	598
110	Montana State	32	423	13.2	393	12.3	1.08	2016	0.10	732	76	2.38	336	36.4	1166	10.5	25.9	830	181	0.25	0.46	5.66	1115	80.0	853	.482	320	1.30	10.0	27	.517	537	.375	22.6	722	.730	16.5	527
111	St. Bonaventure	32	423	13.2	401	12.5	1.05	2016	0.21	668	138	4.31	369	36.0	1153	11.5	24.5	784	230	0.34	0.57	7.19	1287	76.8	577	.485	201	1.32	6.3	18	.497	624	.348	24.7	791	.769	19.0	608
112	Milwaukee	34	449	13.2	409	12.0	1.10	2016	0.08	616	50	1.47	280	31.2	1060	8.2	22.9	780	159	0.26	0.39	4.68	1128	66.4	759	.497	265	1.20	7.8	22	.508	561	.349	15.2	517	.662	10.1	342
113	Texas A&amp;M-CC;	31	409	13.2	422	13.6	0.97	2016	0.21	613	126	4.06	321	33.9	1052	10.4	23.6	731	280	0.46	0.66	9.03	1266	75.3	503	.525	167	1.32	5.4	16	.518	665	.332	22.5	696	.724	16.3	504
114	Butler	31	409	13.2	315	10.2	1.30	2016	0.15	586	87	2.81	272	32.0	993	8.8	23.3	721	193	0.33	0.61	6.23	1088	76.3	652	.546	237	1.36	7.6	21	.546	594	.363	20.3	630	.740	15.0	466
115	Troy	36	474	13.2	445	12.4	1.07	2016	0.20	635	127	3.53	396	36.9	1330	11.0	25.9	934	220	0.35	0.49	6.11	1250	78.4	845	.522	306	1.35	8.5	23	.530	652	.362	23.2	834	.722	16.7	602
116	Sacramento State	31	408	13.2	360	11.6	1.13	2016	0.24	568	135	4.35	306	35.5	1100	9.9	25.6	794	145	0.26	0.40	4.68	1253	71.1	506	.517	160	1.25	5.2	16	.505	648	.316	21.2	657	.651	13.8	428
117	Washington	31	408	13.2	425	13.7	0.96	2016	0.27	628	172	5.55	401	37.3	1156	12.9	24.4	755	188	0.30	0.44	6.06	1311	76.4	639	.494	226	1.21	7.3	21	.506	648	.354	19.4	602	.654	12.7	394
118	Auburn	32	421	13.2	434	13.6	0.97	2016	0.24	668	162	5.06	369	36.6	1171	11.5	25.1	802	236	0.35	0.54	7.38	1180	80.4	789	.485	289	1.31	9.0	25	.511	572	.366	26.1	836	.672	17.6	562
119	Long Beach State	34	447	13.1	488	14.4	0.92	2016	0.13	682	91	2.68	396	35.7	1215	11.6	24.1	819	199	0.29	0.41	5.85	1419	75.0	616	.479	216	1.25	6.4	18	.493	679	.351	22.1	750	.724	16.0	543
120	North Florida	34	447	13.1	542	15.9	0.82	2016	0.22	639	143	4.21	423	38.9	1321	12.4	26.4	898	185	0.29	0.34	5.44	1184	77.6	841	.533	295	1.30	8.7	25	.530	631	.351	22.0	748	.655	14.4	490
121	Hofstra	32	419	13.1	341	10.7	1.23	2016	0.15	543	82	2.56	371	36.3	1160	11.6	24.7	789	142	0.26	0.42	4.44	1116	77.3	792	.497	291	1.30	9.1	25	.520	555	.367	22.4	716	.684	15.3	490
122	Connecticut	33	432	13.1	402	12.2	1.07	2016	0.31	575	177	5.36	336	36.6	1209	10.2	26.5	873	146	0.25	0.36	4.42	1181	67.3	628	.470	223	1.23	6.8	19	.492	555	.355	18.8	619	.712	13.4	441
123	Duke	35	458	13.1	395	11.3	1.16	2016	0.25	632	157	4.49	366	36.3	1271	10.5	25.9	905	207	0.33	0.52	5.91	1264	80.7	766	.538	288	1.39	8.2	22	.548	680	.376	22.6	790	.758	17.1	599
124	Maryland-Eastern Shore	33	431	13.1	425	12.9	1.01	2016	0.13	647	85	2.58	337	33.5	1104	10.2	23.2	767	182	0.28	0.43	5.52	1209	70.8	743	.471	253	1.20	7.7	23	.486	570	.341	19.5	644	.677	13.2	436
125	Arizona State	33	430	13.0	344	10.4	1.25	2016	0.19	556	106	3.21	304	32.6	1077	9.2	23.4	773	194	0.35	0.56	5.88	1151	78.6	896	.487	328	1.27	9.9	27	.514	560	.366	19.8	653	.749	14.8	489
126	Montana	32	416	13.0	345	10.8	1.21	2016	0.13	699	91	2.84	310	33.9	1084	9.7	24.2	774	181	0.26	0.52	5.66	1213	74.7	667	.499	238	1.27	7.4	21	.512	605	.357	19.4	621	.752	14.6	467
127	Drake	31	403	13.0	389	12.5	1.04	2016	0.14	564	77	2.48	311	34.5	1071	10.0	24.5	760	188	0.33	0.48	6.06	1076	71.2	784	.455	270	1.19	8.7	25	.481	490	.344	17.8	553	.756	13.5	418
128	St. Francis (PA)	31	403	13.0	468	15.1	0.86	2016	0.24	507	121	3.90	333	36.4	1127	10.7	25.6	794	207	0.41	0.44	6.68	1198	74.2	626	.501	236	1.26	7.6	20	.523	600	.377	18.1	560	.702	12.7	393
129	Vanderbilt	34	441	13.0	420	12.4	1.05	2016	0.23	565	128	3.76	279	34.6	1178	8.2	26.4	899	140	0.25	0.33	4.12	946	71.3	895	.483	337	1.32	9.9	26	.523	457	.377	18.9	642	.776	14.6	498
130	Western Illinois	27	350	13.0	358	13.3	0.98	2016	0.22	535	118	4.37	184	33.9	916	6.8	27.1	732	122	0.23	0.34	4.52	938	71.0	630	.455	245	1.22	9.1	23	.507	427	.389	17.0	458	.716	12.1	328
131	UC Davis	34	440	12.9	481	14.1	0.91	2016	0.18	657	115	3.38	349	35.6	1212	10.3	25.4	863	193	0.29	0.40	5.68	1299	70.5	599	.476	212	1.26	6.2	18	.493	618	.354	23.2	788	.665	15.4	524
132	Colgate	32	414	12.9	470	14.7	0.88	2016	0.14	603	82	2.56	263	32.4	1037	8.2	24.2	774	164	0.27	0.35	5.13	961	67.0	732	.493	271	1.27	8.5	23	.520	474	.370	17.7	567	.677	12.0	384
133	San Francisco	32	414	12.9	404	12.6	1.02	2016	0.14	618	89	2.78	299	35.8	1145	9.3	26.4	846	210	0.34	0.52	6.56	1037	71.4	818	.528	292	1.23	9.1	26	.532	548	.357	15.6	500	.628	9.8	314
134	Valparaiso	32	414	12.9	413	12.9	1.00	2016	0.16	602	96	3.00	344	38.3	1225	10.8	27.5	881	204	0.34	0.49	6.38	1203	75.3	651	.510	214	1.30	6.7	20	.504	613	.329	21.8	697	.775	16.9	540
135	Western Michigan	32	414	12.9	399	12.5	1.04	2016	0.15	600	91	2.84	370	36.1	1155	11.6	24.5	785	183	0.31	0.46	5.72	1352	75.5	564	.484	209	1.26	6.5	18	.505	654	.371	21.4	685	.704	15.1	482
136	UMKC	33	426	12.9	482	14.6	0.88	2016	0.12	734	89	2.70	330	34.6	1141	10.0	24.6	811	221	0.30	0.46	6.70	1159	76.9	797	.488	295	1.30	8.9	24	.516	566	.370	22.2	731	.713	15.8	521
137	UNLV	32	412	12.9	410	12.8	1.00	2016	0.16	539	85	2.66	365	37.7	1205	11.4	26.3	840	189	0.35	0.46	5.91	1227	68.8	666	.435	213	1.16	6.7	21	.451	534	.320	22.2	711	.696	15.5	495
138	Georgia	33	424	12.8	439	13.3	0.97	2016	0.20	619	125	3.79	321	37.2	1226	9.7	27.4	905	177	0.29	0.40	5.36	1318	71.7	521	.484	171	1.29	5.2	16	.486	638	.328	23.2	765	.754	17.5	577
139	Liberty	32	411	12.8	336	10.5	1.22	2016	0.10	611	64	2.00	163	28.8	921	5.1	23.7	758	209	0.34	0.62	6.53	824	66.4	812	.507	290	1.30	9.1	25	.521	418	.357	17.7	566	.739	13.1	418
140	Winthrop	32	411	12.8	421	13.2	0.98	2016	0.29	583	168	5.25	313	37.4	1197	9.8	27.6	884	210	0.36	0.50	6.56	1081	79.7	814	.520	304	1.35	9.5	25	.537	562	.373	22.3	715	.720	16.1	515
141	Detroit Mercy	31	398	12.8	451	14.5	0.88	2016	0.11	741	78	2.52	320	33.4	1036	10.3	23.1	716	203	0.27	0.45	6.55	1192	77.0	675	.486	251	1.28	8.1	22	.512	579	.372	23.1	717	.664	15.4	476
142	Tulane	31	398	12.8	420	13.5	0.95	2016	0.18	646	119	3.84	349	34.3	1064	11.3	23.1	715	192	0.30	0.46	6.19	1173	70.3	683	.452	221	1.17	7.1	22	.464	530	.324	20.5	636	.717	14.7	456
143	Weber State	30	385	12.8	348	11.6	1.11	2016	0.20	533	105	3.50	205	31.9	957	6.8	25.1	752	152	0.29	0.44	5.07	978	79.0	645	.542	264	1.46	8.8	22	.571	530	.409	23.5	705	.730	17.2	515
144	Saint Louis	33	423	12.8	441	13.4	0.96	2016	0.15	639	95	2.88	279	33.1	1093	8.5	24.7	814	164	0.26	0.37	4.97	1061	61.4	672	.443	230	1.17	7.0	20	.470	470	.342	18.1	597	.663	12.0	396
145	Binghamton	32	410	12.8	397	12.4	1.03	2016	0.14	545	78	2.44	251	33.0	1055	7.8	25.1	804	167	0.31	0.42	5.22	1072	68.0	685	.485	248	1.24	7.8	21	.508	520	.362	17.3	555	.705	12.2	391
146	LSU	31	397	12.8	451	14.5	0.88	2016	0.19	593	110	3.55	355	36.1	1118	11.5	24.6	763	186	0.31	0.41	6.00	1309	74.8	584	.502	196	1.23	6.3	19	.502	657	.336	19.3	599	.696	13.5	417
147	South Alabama	32	408	12.8	419	13.1	0.97	2016	0.18	653	119	3.72	333	34.5	1104	10.4	24.1	771	240	0.37	0.57	7.50	1157	71.4	702	.493	223	1.23	7.0	22	.487	570	.318	22.7	725	.655	14.8	475
148	Idaho	31	395	12.7	397	12.8	0.99	2016	0.12	665	77	2.48	339	37.0	1148	10.9	26.1	809	150	0.23	0.38	4.84	1111	73.7	651	.473	239	1.30	7.7	21	.501	525	.367	23.1	717	.721	16.7	517
149	UC Irvine	35	444	12.7	471	13.5	0.94	2016	0.21	732	152	4.34	388	39.8	1392	11.1	28.7	1004	170	0.23	0.36	4.86	1292	69.8	704	.491	252	1.22	7.2	20	.508	635	.358	17.2	601	.694	11.9	417
150	Ole Miss	33	418	12.7	472	14.3	0.89	2016	0.22	649	143	4.33	418	39.5	1303	12.7	26.8	885	220	0.34	0.47	6.67	1235	77.7	734	.464	253	1.30	7.7	22	.484	573	.345	26.7	881	.749	20.0	660
151	Albany	34	430	12.6	404	11.9	1.06	2016	0.10	601	58	1.71	376	36.1	1227	11.1	25.0	851	178	0.30	0.44	5.24	1400	71.8	495	.502	183	1.29	5.4	15	.516	703	.370	18.9	641	.758	14.3	486
152	Houston	31	392	12.6	305	9.8	1.29	2016	0.18	580	107	3.45	354	35.5	1101	11.4	24.1	747	166	0.29	0.54	5.35	1177	73.6	666	.477	261	1.24	8.4	21	.517	562	.392	17.0	527	.713	12.1	376
153	Florida A&M;	30	379	12.6	407	13.6	0.93	2016	0.17	568	99	3.30	306	34.9	1047	10.2	24.7	741	197	0.35	0.48	6.57	1263	71.8	538	.455	187	1.20	6.2	18	.475	575	.348	22.4	671	.659	14.7	442
154	Florida	32	404	12.6	378	11.8	1.07	2016	0.26	594	155	4.84	370	37.3	1195	11.6	25.8	825	242	0.41	0.64	7.56	1208	78.3	685	.499	248	1.32	7.8	21	.515	603	.362	23.9	764	.726	17.3	555
155	Niagara	33	416	12.6	428	13.0	0.97	2016	0.25	604	152	4.61	389	38.2	1261	11.8	26.4	872	172	0.28	0.40	5.21	1368	74.2	667	.440	244	1.20	7.4	20	.476	602	.366	20.7	683	.750	15.5	512
156	Lafayette	30	378	12.6	436	14.5	0.87	2016	0.17	514	85	2.83	205	31.9	956	6.8	25.0	751	148	0.29	0.34	4.93	994	66.5	661	.494	221	1.21	7.4	22	.497	491	.334	16.4	492	.711	11.7	350
157	South Carolina	32	403	12.6	428	13.4	0.94	2016	0.19	665	124	3.88	401	36.3	1161	12.5	23.8	760	251	0.38	0.59	7.84	1260	72.1	639	.453	216	1.21	6.8	20	.471	571	.338	23.4	748	.690	16.1	516
158	High Point	31	390	12.6	407	13.1	0.96	2016	0.18	540	96	3.10	307	35.1	1088	9.9	25.2	781	184	0.34	0.45	5.94	1172	68.8	520	.457	196	1.26	6.3	17	.491	536	.377	20.5	636	.744	15.3	473
159	Kent State	35	439	12.5	457	13.1	0.96	2016	0.20	668	135	3.86	524	40.5	1416	15.0	25.5	892	228	0.34	0.50	6.51	1451	76.9	781	.487	248	1.21	7.1	22	.483	707	.318	21.2	743	.719	15.3	534
160	Fresno State	32	401	12.5	427	13.3	0.94	2016	0.18	693	125	3.91	308	35.8	1144	9.6	26.1	836	268	0.39	0.63	8.38	1245	74.0	578	.505	202	1.30	6.3	18	.511	629	.349	23.3	744	.676	15.7	503
161	Duquesne	32	401	12.5	454	14.2	0.88	2016	0.21	593	127	3.97	343	36.5	1167	10.7	25.8	824	157	0.26	0.35	4.91	1158	70.5	677	.483	226	1.23	7.1	21	.489	559	.334	21.3	680	.676	14.4	460
162	Incarnate Word	29	362	12.5	391	13.5	0.93	2016	0.23	583	136	4.69	229	32.8	950	7.9	24.9	721	168	0.29	0.43	5.79	1016	76.3	601	.495	233	1.37	8.0	21	.527	503	.388	25.2	731	.694	17.5	507
163	Boise State	30	374	12.5	384	12.8	0.97	2016	0.11	628	71	2.37	290	35.7	1072	9.7	26.1	782	148	0.24	0.39	4.93	1000	75.8	685	.518	244	1.35	8.1	23	.525	518	.356	23.7	710	.714	16.9	507
164	NJIT	30	374	12.5	418	13.9	0.89	2016	0.14	582	80	2.67	343	36.0	1079	11.4	24.5	736	196	0.34	0.47	6.53	1050	72.0	738	.486	243	1.21	8.1	25	.490	510	.329	19.5	584	.702	13.7	410
165	New Hampshire	32	398	12.4	401	12.5	0.99	2016	0.12	505	59	1.84	324	38.3	1227	10.1	28.2	903	129	0.26	0.32	4.03	1060	71.2	727	.497	256	1.27	8.0	23	.510	527	.352	19.6	628	.725	14.2	455
166	Clemson	32	398	12.4	344	10.8	1.16	2016	0.25	489	123	3.84	354	34.1	1091	11.1	23.0	737	227	0.46	0.66	7.09	1223	75.0	649	.501	232	1.28	7.3	20	.513	613	.357	20.5	655	.728	14.9	477
167	Stephen F. Austin	32	398	12.4	560	17.5	0.71	2016	0.14	699	98	3.06	366	34.9	1117	11.4	23.5	751	219	0.31	0.39	6.84	1112	70.0	590	.517	189	1.32	5.9	18	.504	575	.320	22.7	727	.718	16.3	522
168	Monmouth	33	410	12.4	413	12.5	0.99	2016	0.22	677	152	4.61	369	38.8	1279	11.2	27.6	910	230	0.34	0.56	6.97	1279	81.2	775	.478	287	1.30	8.7	23	.508	612	.370	23.8	784	.756	18.0	593
169	Western Kentucky	32	397	12.4	388	12.1	1.02	2016	0.22	475	105	3.28	302	34.9	1118	9.4	25.5	816	143	0.30	0.37	4.47	1161	69.0	605	.485	214	1.25	6.7	19	.501	563	.354	20.5	657	.671	13.8	441
170	Arkansas State	32	397	12.4	414	12.9	0.96	2016	0.13	653	83	2.59	352	36.4	1166	11.0	25.4	814	172	0.26	0.42	5.38	1213	73.3	579	.500	220	1.31	6.9	18	.522	606	.380	23.2	743	.638	14.8	474
171	Eastern Washington	33	409	12.4	408	12.4	1.00	2016	0.24	662	159	4.82	304	35.5	1172	9.2	26.3	868	153	0.23	0.38	4.64	1201	79.2	715	.540	270	1.36	8.2	22	.550	648	.378	20.1	662	.767	15.4	508
172	Seton Hall	32	394	12.3	434	13.6	0.91	2016	0.13	595	79	2.47	418	39.6	1266	13.1	26.5	848	222	0.37	0.51	6.94	1299	73.3	580	.500	196	1.25	6.1	18	.502	650	.338	22.3	712	.643	14.3	458
173	Florida Atlantic	30	369	12.3	348	11.6	1.06	2016	0.16	570	93	3.10	316	35.5	1064	10.5	24.9	748	171	0.30	0.49	5.70	1199	70.3	639	.460	204	1.15	6.8	21	.467	552	.319	18.6	558	.703	13.1	392
174	South Carolina State	31	381	12.3	383	12.4	0.99	2016	0.11	594	64	2.06	320	32.0	991	10.3	21.6	671	154	0.26	0.40	4.97	1272	69.9	578	.480	185	1.17	6.0	19	.480	611	.320	18.2	564	.691	12.6	390
175	Radford	32	393	12.3	470	14.7	0.84	2016	0.21	550	114	3.56	396	38.1	1219	12.4	25.7	823	153	0.28	0.33	4.78	1087	65.3	716	.458	247	1.16	7.7	22	.482	498	.345	16.6	530	.666	11.0	353
176	Coastal Carolina	33	404	12.2	430	13.0	0.94	2016	0.15	599	87	2.64	402	40.1	1322	12.2	27.9	920	184	0.31	0.43	5.58	1182	72.2	842	.482	284	1.18	8.6	26	.492	570	.337	18.0	595	.655	11.8	390
177	Prairie View A&M;	33	404	12.2	436	13.2	0.93	2016	0.17	700	120	3.64	292	30.8	1018	8.8	22.0	726	273	0.39	0.63	8.27	1161	69.0	678	.475	237	1.24	7.2	21	.493	551	.350	20.0	659	.703	14.0	463
178	Missouri State	33	403	12.2	406	12.3	0.99	2016	0.22	585	127	3.85	377	36.7	1212	11.4	25.3	835	176	0.30	0.43	5.33	1151	72.8	743	.493	270	1.27	8.2	23	.514	568	.363	19.8	652	.701	13.8	457
179	Fairleigh Dickinson	30	366	12.2	398	13.3	0.92	2016	0.12	637	78	2.60	291	33.0	989	9.7	23.3	698	189	0.30	0.47	6.30	1107	72.8	606	.500	201	1.27	6.7	20	.499	553	.332	20.7	620	.765	15.8	474
180	Stony Brook	31	378	12.2	318	10.3	1.19	2016	0.17	600	100	3.23	335	34.3	1064	10.8	23.5	729	166	0.28	0.52	5.35	1062	69.2	735	.458	245	1.19	7.9	24	.476	486	.333	19.5	605	.722	14.1	437
181	Bowling Green	32	390	12.2	408	12.8	0.96	2016	0.14	623	87	2.72	353	36.0	1153	11.0	25.0	800	221	0.35	0.54	6.91	1313	73.6	644	.466	220	1.20	6.9	20	.481	612	.342	22.1	706	.667	14.7	471
182	South Florida	30	365	12.2	489	16.3	0.75	2016	0.20	579	115	3.83	328	35.1	1053	10.9	24.2	725	183	0.32	0.37	6.10	1180	64.8	503	.459	174	1.16	5.8	17	.477	542	.346	17.2	516	.657	11.3	339
183	North Dakota State	30	365	12.2	348	11.6	1.05	2016	0.22	501	112	3.73	258	34.9	1047	8.6	26.3	789	183	0.37	0.53	6.10	1063	74.8	630	.511	232	1.33	7.7	21	.526	543	.368	21.7	650	.711	15.4	462
184	Chattanooga	31	377	12.2	413	13.3	0.91	2016	0.25	570	145	4.68	322	32.4	1005	10.4	22.0	683	241	0.42	0.58	7.77	1051	74.6	667	.542	231	1.35	7.5	22	.533	570	.346	21.8	677	.710	15.5	481
185	Georgia State	32	389	12.2	447	14.0	0.87	2016	0.21	651	138	4.31	326	35.7	1143	10.2	25.5	817	229	0.35	0.51	7.16	1163	74.3	667	.534	240	1.30	7.5	21	.536	621	.360	19.9	636	.654	13.0	416
186	California	33	401	12.2	415	12.6	0.97	2016	0.24	628	152	4.61	381	39.1	1290	11.5	27.5	909	161	0.26	0.39	4.88	1212	68.2	645	.470	219	1.21	6.6	20	.484	570	.340	20.7	683	.663	13.7	453
187	Presbyterian	30	364	12.1	451	15.0	0.81	2016	0.14	519	72	2.40	300	32.6	979	10.0	22.6	679	143	0.28	0.32	4.77	1095	61.2	523	.444	181	1.13	6.0	17	.468	486	.346	15.6	468	.686	10.7	321
188	San Diego	31	376	12.1	379	12.2	0.99	2016	0.09	600	54	1.74	254	33.2	1028	8.2	25.0	774	121	0.20	0.32	3.90	895	65.3	741	.456	258	1.24	8.3	24	.486	408	.348	19.5	603	.721	14.0	435
189	Southern Miss	31	376	12.1	405	13.1	0.93	2016	0.12	527	64	2.06	258	34.2	1060	8.3	25.9	802	145	0.28	0.36	4.68	1073	63.0	655	.457	200	1.13	6.5	21	.457	490	.305	17.0	526	.707	12.0	372
190	South Dakota	33	400	12.1	390	11.8	1.03	2016	0.18	638	112	3.39	343	37.6	1241	10.4	27.2	898	220	0.34	0.56	6.67	1346	77.7	639	.494	217	1.29	6.6	19	.499	665	.340	25.1	828	.704	17.7	583
191	UC Santa Barbara	28	338	12.1	341	12.2	0.99	2016	0.12	502	59	2.11	356	36.7	1028	12.7	24.0	672	148	0.29	0.43	5.29	1120	60.8	531	.418	154	1.03	5.5	19	.423	468	.290	17.1	478	.634	10.8	303
192	Missouri	32	386	12.1	384	12.0	1.01	2016	0.11	647	68	2.13	357	36.5	1168	11.2	25.3	811	200	0.31	0.52	6.25	1154	69.2	739	.450	225	1.17	7.0	23	.452	519	.304	22.9	732	.683	15.6	500
193	Mississippi State	32	386	12.1	433	13.5	0.89	2016	0.21	638	131	4.09	310	35.4	1133	9.7	25.7	823	239	0.37	0.55	7.47	1138	72.5	711	.504	247	1.25	7.7	22	.511	574	.347	19.6	627	.687	13.5	431
194	Saint Peter's	32	386	12.1	354	11.1	1.09	2016	0.17	517	89	2.78	270	32.9	1052	8.4	24.4	782	222	0.43	0.63	6.94	1030	66.5	668	.468	256	1.25	8.0	21	.510	482	.383	17.5	559	.710	12.4	397
195	Charlotte	30	361	12.0	366	12.2	0.99	2016	0.16	578	94	3.13	224	32.6	979	7.5	25.2	755	190	0.33	0.52	6.33	1173	76.5	630	.480	237	1.27	7.9	21	.509	563	.376	20.5	614	.746	15.3	458
196	Pacific	33	396	12.0	386	11.7	1.03	2016	0.09	690	63	1.91	385	37.1	1224	11.7	25.4	839	140	0.20	0.36	4.24	1380	66.8	560	.434	185	1.14	5.6	17	.452	599	.330	20.3	671	.675	13.7	453
197	East Carolina	33	394	11.9	459	13.9	0.86	2016	0.31	550	171	5.18	370	37.9	1250	11.2	26.7	880	168	0.31	0.37	5.09	1129	63.3	668	.445	214	1.16	6.5	20	.458	502	.320	20.4	673	.657	13.4	442
198	Miami	32	381	11.9	407	12.7	0.94	2016	0.25	498	124	3.88	354	36.0	1153	11.1	25.0	799	204	0.41	0.50	6.38	1177	69.4	571	.499	205	1.27	6.4	18	.512	587	.359	18.8	600	.718	13.5	431
199	Oregon State	32	380	11.9	491	15.3	0.77	2016	0.19	610	118	3.69	290	32.6	1042	9.1	23.5	752	177	0.29	0.36	5.53	1100	63.2	586	.471	203	1.20	6.3	18	.488	518	.346	17.8	569	.661	11.8	376
200	CS Fullerton	30	356	11.9	456	15.2	0.78	2016	0.17	636	107	3.57	327	37.0	1110	10.9	26.1	783	208	0.33	0.46	6.93	1140	73.3	587	.510	183	1.27	6.1	20	.495	581	.312	23.7	711	.685	16.2	487
201	Hampton	30	356	11.9	424	14.1	0.84	2016	0.18	618	111	3.70	365	37.2	1115	12.2	25.0	750	142	0.23	0.33	4.73	1178	69.4	596	.453	190	1.17	6.3	20	.462	534	.319	20.8	625	.710	14.8	444
202	VMI	30	356	11.9	395	13.2	0.90	2016	0.19	594	114	3.80	306	33.0	990	10.2	22.8	684	188	0.32	0.48	6.27	992	68.6	786	.488	248	1.16	8.3	26	.481	484	.316	16.7	500	.690	11.5	345
203	Little Rock	32	379	11.8	412	12.9	0.92	2016	0.20	591	120	3.75	305	33.1	1058	9.5	23.5	753	183	0.31	0.44	5.72	1150	68.4	599	.494	207	1.25	6.5	19	.502	568	.346	18.2	582	.741	13.5	431
204	Texas Southern	34	402	11.8	394	11.6	1.02	2016	0.18	589	107	3.15	395	35.3	1199	11.6	23.6	804	245	0.42	0.62	7.21	1289	74.4	668	.501	198	1.29	5.8	20	.482	646	.296	25.8	876	.734	18.9	643
205	Maine	32	377	11.8	419	13.1	0.90	2016	0.11	562	63	1.97	325	35.1	1123	10.2	24.9	798	165	0.29	0.39	5.16	1188	64.7	665	.449	212	1.12	6.6	21	.460	534	.319	17.4	558	.654	11.4	365
206	Loyola (MD)	31	365	11.8	465	15.0	0.78	2016	0.18	598	106	3.42	362	33.3	1032	11.7	21.6	670	224	0.37	0.48	7.23	1175	65.8	492	.460	162	1.22	5.2	16	.470	541	.329	22.1	684	.689	15.2	471
207	Southern	33	388	11.8	453	13.7	0.86	2016	0.20	635	126	3.82	405	38.1	1256	12.3	25.8	851	187	0.29	0.41	5.67	1380	71.5	511	.480	163	1.25	4.9	15	.479	662	.319	23.8	786	.696	16.6	547
208	George Mason	33	387	11.7	428	13.0	0.90	2016	0.16	555	89	2.70	374	40.5	1337	11.3	29.2	963	164	0.30	0.38	4.97	1377	74.6	525	.495	177	1.29	5.4	16	.498	682	.337	23.0	760	.745	17.2	566
209	Central Connecticut	29	340	11.7	413	14.2	0.82	2016	0.13	540	68	2.34	332	33.2	964	11.4	21.8	632	166	0.31	0.40	5.72	1186	63.0	416	.446	146	1.14	5.0	14	.467	529	.351	18.4	534	.620	11.4	331
210	Mississippi Valley State	32	374	11.7	460	14.4	0.81	2016	0.10	624	60	1.88	385	34.6	1108	12.0	22.6	723	218	0.35	0.47	6.81	1434	69.8	508	.449	174	1.15	5.4	16	.467	644	.343	20.3	651	.650	13.2	423
211	Delaware	33	385	11.7	396	12.0	0.97	2016	0.16	625	102	3.09	322	35.2	1160	9.8	25.4	838	176	0.28	0.44	5.33	1197	65.4	644	.484	196	1.17	5.9	20	.474	579	.304	18.2	599	.686	12.5	411
212	James Madison	33	385	11.7	467	14.2	0.82	2016	0.13	665	89	2.70	310	34.3	1133	9.4	24.9	823	194	0.29	0.42	5.88	1104	66.5	629	.509	208	1.27	6.3	19	.504	562	.331	18.9	623	.716	13.5	446
213	Southern Utah	33	381	11.5	452	13.7	0.84	2016	0.13	803	107	3.24	383	36.9	1219	11.6	25.3	836	185	0.23	0.41	5.61	1189	77.5	816	.441	291	1.28	8.8	25	.479	524	.357	26.1	861	.741	19.3	638
214	Hartford	32	367	11.5	462	14.4	0.79	2016	0.20	603	118	3.69	292	32.7	1046	9.1	23.6	754	228	0.38	0.49	7.13	1037	66.8	777	.450	263	1.18	8.2	24	.475	467	.338	18.5	591	.699	12.9	413
215	Dartmouth	27	309	11.4	401	14.9	0.77	2016	0.10	494	49	1.81	249	33.9	916	9.2	24.7	667	126	0.26	0.31	4.67	898	67.1	563	.481	199	1.24	7.4	21	.500	432	.353	18.3	495	.709	13.0	351
216	Tulsa	32	366	11.4	473	14.8	0.77	2016	0.14	579	80	2.50	311	34.8	1113	9.7	25.1	802	145	0.25	0.31	4.53	990	67.4	683	.472	234	1.29	7.3	21	.489	467	.343	22.4	716	.729	16.3	522
217	Texas	33	377	11.4	443	13.4	0.85	2016	0.25	588	149	4.52	323	34.3	1132	9.8	24.5	809	190	0.32	0.43	5.76	1227	67.1	620	.513	181	1.20	5.5	19	.488	629	.292	19.3	637	.650	12.5	414
218	Alabama	33	377	11.4	458	13.9	0.82	2016	0.21	650	139	4.21	406	39.2	1293	12.3	26.9	887	198	0.30	0.43	6.00	1164	68.7	686	.486	218	1.22	6.6	21	.483	566	.318	22.4	739	.650	14.5	480
219	Nebraska	31	354	11.4	411	13.3	0.86	2016	0.20	577	116	3.74	411	38.3	1187	13.3	25.0	776	211	0.37	0.51	6.81	1346	69.9	560	.456	179	1.14	5.8	18	.463	614	.320	18.3	568	.710	13.0	403
220	DePaul	32	365	11.4	451	14.1	0.81	2016	0.14	635	92	2.88	339	33.0	1056	10.6	22.4	717	213	0.34	0.47	6.66	1240	68.9	564	.477	184	1.22	5.8	18	.481	591	.326	20.1	642	.735	14.8	472
221	UC Riverside	28	319	11.4	387	13.8	0.82	2016	0.14	554	79	2.82	264	34.3	960	9.4	24.9	696	185	0.33	0.48	6.61	1074	64.8	522	.456	166	1.14	5.9	19	.463	490	.318	17.2	481	.699	12.0	336
222	Campbell	34	387	11.4	445	13.1	0.87	2016	0.21	615	132	3.88	266	32.8	1115	7.8	25.0	849	227	0.37	0.51	6.68	1100	71.1	718	.511	262	1.33	7.7	21	.525	562	.365	19.9	677	.750	14.9	508
223	Alabama A&M;	29	330	11.4	384	13.2	0.86	2016	0.10	526	52	1.79	299	32.2	933	10.3	21.9	634	103	0.20	0.27	3.55	1106	61.9	457	.455	125	1.15	4.3	16	.443	503	.274	21.2	614	.666	14.1	409
224	Miami (OH)	32	364	11.4	467	14.6	0.78	2016	0.19	642	125	3.91	298	34.1	1091	9.3	24.8	793	238	0.37	0.51	7.44	1168	70.3	647	.503	199	1.24	6.2	20	.488	588	.308	21.5	689	.691	14.9	476
225	Western Carolina	32	364	11.4	516	16.1	0.71	2016	0.11	661	75	2.34	397	36.2	1159	12.4	23.8	762	199	0.30	0.39	6.22	1251	61.4	593	.429	182	1.07	5.7	19	.439	537	.307	16.5	528	.653	10.8	345
226	Southern Illinois	33	375	11.4	398	12.1	0.94	2016	0.22	594	128	3.88	348	33.8	1114	10.5	23.2	766	225	0.38	0.57	6.82	1312	68.5	554	.482	175	1.21	5.3	17	.480	633	.316	20.4	674	.696	14.2	469
227	Saint Joseph's	31	352	11.4	371	12.0	0.95	2016	0.19	547	106	3.42	351	36.5	1132	11.3	25.2	781	150	0.27	0.40	4.84	1271	69.5	537	.457	174	1.19	5.6	17	.466	581	.324	23.4	725	.650	15.2	471
228	UCF	32	362	11.3	469	14.7	0.77	2016	0.26	497	128	4.00	353	41.2	1318	11.0	30.2	965	124	0.25	0.26	3.88	1027	67.2	666	.494	231	1.27	7.2	21	.504	507	.347	21.0	673	.660	13.9	444
229	Central Michigan	32	362	11.3	362	11.3	1.00	2016	0.15	612	93	2.91	364	38.9	1244	11.4	27.5	880	181	0.30	0.50	5.66	1038	88.3	1115	.494	399	1.31	12.5	35	.516	513	.358	23.8	762	.791	18.8	603
230	Bradley	33	373	11.3	499	15.1	0.75	2016	0.18	672	123	3.73	297	35.2	1162	9.0	26.2	865	203	0.30	0.41	6.15	1118	65.5	609	.460	217	1.25	6.6	18	.486	514	.356	21.8	720	.672	14.7	484
231	American	30	339	11.3	396	13.2	0.86	2016	0.13	548	73	2.43	204	28.9	868	6.8	22.1	664	209	0.38	0.53	6.97	1013	61.5	529	.517	168	1.20	5.6	18	.503	524	.318	15.8	474	.618	9.8	293
232	Tennessee State	30	339	11.3	452	15.1	0.75	2016	0.16	633	102	3.40	366	37.3	1118	12.2	25.1	752	201	0.32	0.44	6.70	1179	71.1	501	.487	170	1.27	5.7	17	.493	574	.339	22.9	688	.692	15.9	476
233	North Texas	30	338	11.3	410	13.7	0.82	2016	0.17	567	95	3.17	300	35.8	1075	10.0	25.8	775	199	0.35	0.49	6.63	1167	69.2	582	.475	186	1.19	6.2	19	.476	554	.320	21.1	633	.646	13.6	409
234	Chicago State	32	360	11.3	440	13.8	0.82	2016	0.11	617	68	2.13	344	35.1	1123	10.8	24.3	779	215	0.35	0.49	6.72	1242	65.3	681	.424	212	1.09	6.6	21	.439	527	.311	17.8	569	.701	12.5	399
235	Grambling	33	368	11.2	450	13.6	0.82	2016	0.12	658	76	2.30	398	33.6	1108	12.1	21.5	710	292	0.44	0.65	8.85	1362	71.5	581	.482	184	1.22	5.6	18	.480	657	.317	22.6	747	.663	15.0	495
236	Mt. St. Mary's	34	379	11.1	447	13.1	0.85	2016	0.22	612	136	4.00	260	30.3	1029	7.6	22.6	769	212	0.35	0.47	6.24	1183	68.3	690	.495	246	1.24	7.2	20	.509	585	.357	18.1	615	.675	12.2	415
237	Florida Intl	31	345	11.1	413	13.3	0.84	2016	0.12	572	67	2.16	315	33.9	1052	10.2	23.8	737	184	0.32	0.45	5.94	1227	70.3	545	.509	181	1.23	5.8	18	.505	624	.332	16.6	516	.750	12.5	387
238	Norfolk State	33	364	11.0	484	14.7	0.75	2016	0.26	687	179	5.42	357	38.7	1276	10.8	27.8	919	169	0.25	0.35	5.12	1262	70.0	643	.469	216	1.21	6.5	19	.481	592	.336	21.3	704	.679	14.5	478
239	Colorado State	34	374	11.0	369	10.9	1.01	2016	0.20	589	117	3.44	382	38.1	1295	11.2	26.9	913	205	0.35	0.56	6.03	1247	72.6	702	.473	241	1.27	7.1	21	.488	590	.343	22.6	768	.734	16.6	564
240	Marist	32	352	11.0	409	12.8	0.86	2016	0.13	628	83	2.59	235	31.2	998	7.3	23.8	763	146	0.23	0.36	4.56	1011	69.5	736	.499	245	1.27	7.7	23	.499	504	.333	20.7	662	.725	15.0	480
241	Charleston Southern	31	341	11.0	358	11.5	0.95	2016	0.14	621	89	2.87	336	35.2	1092	10.8	24.4	756	176	0.28	0.49	5.68	1199	74.3	669	.497	228	1.23	7.4	22	.502	596	.341	20.7	643	.666	13.8	428
242	Rutgers	33	362	11.0	437	13.2	0.83	2016	0.26	586	153	4.64	480	40.0	1319	14.5	25.4	839	217	0.37	0.50	6.58	1466	65.5	502	.448	152	1.10	4.6	15	.450	657	.303	19.1	631	.623	11.9	393
243	North Carolina A&T;	32	351	11.0	466	14.6	0.75	2016	0.11	629	69	2.16	351	34.5	1105	11.0	23.6	754	144	0.23	0.31	4.50	1110	64.3	609	.477	200	1.20	6.3	19	.482	529	.328	18.3	587	.681	12.5	400
244	Jackson State	32	350	10.9	390	12.2	0.90	2016	0.13	648	83	2.59	425	36.4	1166	13.3	23.2	741	197	0.30	0.51	6.16	1130	64.6	730	.442	217	1.11	6.8	23	.443	499	.297	19.3	619	.674	13.0	417
245	LIU Brooklyn	32	350	10.9	460	14.4	0.76	2016	0.17	641	107	3.34	423	38.8	1242	13.2	25.6	819	186	0.29	0.40	5.81	1312	71.2	534	.472	184	1.23	5.8	17	.485	619	.345	22.2	710	.687	15.3	488
246	Manhattan	32	350	10.9	530	16.6	0.66	2016	0.13	790	105	3.28	355	35.0	1121	11.1	23.9	766	224	0.28	0.42	7.00	1177	70.6	637	.463	209	1.25	6.5	20	.473	545	.328	23.2	743	.729	16.9	542
247	San Diego State	33	360	10.9	387	11.7	0.93	2016	0.29	572	164	4.97	350	36.3	1199	10.6	25.7	849	227	0.40	0.59	6.88	1142	68.5	736	.481	233	1.20	7.1	22	.478	549	.317	20.1	663	.698	14.0	463
248	Wagner	30	326	10.9	422	14.1	0.77	2016	0.18	616	108	3.60	434	39.5	1184	14.5	25.0	750	146	0.24	0.35	4.87	1148	68.2	552	.474	183	1.20	6.1	18	.481	544	.332	19.8	593	.691	13.7	410
249	Northern Illinois	32	347	10.8	429	13.4	0.81	2016	0.13	619	80	2.50	400	37.8	1210	12.5	25.3	810	226	0.37	0.53	7.06	1375	72.2	516	.485	161	1.22	5.0	16	.480	667	.312	22.8	728	.677	15.4	493
250	Longwood	30	325	10.8	456	15.2	0.71	2016	0.23	540	124	4.13	218	30.7	920	7.3	23.4	702	175	0.32	0.38	5.83	1092	67.3	567	.505	186	1.22	6.2	19	.501	552	.328	16.3	488	.730	11.9	356
251	UT San Antonio	33	357	10.8	418	12.7	0.85	2016	0.10	642	62	1.88	425	39.2	1292	12.9	26.3	867	183	0.29	0.44	5.55	1351	66.0	608	.442	172	1.11	5.2	18	.436	597	.283	21.3	703	.666	14.2	468
252	Austin Peay	30	324	10.8	373	12.4	0.87	2016	0.13	547	73	2.43	245	30.4	913	8.2	22.3	668	171	0.31	0.46	5.70	1078	77.7	640	.537	227	1.36	7.6	21	.535	579	.355	23.2	695	.708	16.4	492
253	Morgan State	30	323	10.8	420	14.0	0.77	2016	0.17	602	102	3.40	424	39.0	1170	14.1	24.9	746	171	0.28	0.41	5.70	1252	67.5	541	.425	159	1.13	5.3	18	.430	532	.294	22.7	681	.711	16.1	484
254	Oklahoma	31	329	10.6	428	13.8	0.77	2016	0.24	601	147	4.74	361	37.8	1173	11.6	26.2	812	213	0.35	0.50	6.87	1305	73.0	559	.457	192	1.21	6.2	18	.474	596	.343	22.1	685	.721	15.9	494
255	Georgia Southern	32	339	10.6	379	11.8	0.89	2016	0.16	631	98	3.06	315	34.8	1115	9.8	25.0	800	218	0.35	0.58	6.81	1041	76.3	811	.503	300	1.32	9.4	25	.526	524	.370	23.3	747	.663	15.5	495
256	Cleveland State	31	327	10.5	405	13.1	0.81	2016	0.15	636	94	3.03	339	33.0	1024	10.9	22.1	685	221	0.35	0.55	7.13	1129	67.2	709	.466	219	1.13	7.1	23	.465	526	.309	17.5	541	.691	12.1	374
257	Towson	33	348	10.5	426	12.9	0.82	2016	0.17	686	118	3.58	445	39.5	1305	13.5	26.1	860	226	0.33	0.53	6.85	1401	74.2	499	.496	155	1.29	4.7	15	.488	695	.311	26.3	868	.682	17.9	592
258	Robert Morris	33	348	10.5	497	15.1	0.70	2016	0.12	671	80	2.42	363	34.5	1139	11.0	23.5	776	261	0.39	0.53	7.91	1244	64.4	574	.438	183	1.17	5.5	17	.451	545	.319	22.8	751	.647	14.7	486
259	Coppin State	32	335	10.5	440	13.8	0.76	2016	0.11	664	72	2.25	367	34.8	1115	11.5	23.4	748	182	0.27	0.41	5.69	1138	66.2	708	.422	225	1.15	7.0	22	.443	480	.318	23.3	745	.650	15.1	484
260	Arkansas-Pine Bluff	32	334	10.4	578	18.1	0.58	2016	0.13	718	93	2.91	335	31.7	1013	10.5	21.2	678	279	0.39	0.48	8.72	1104	61.8	621	.441	208	1.15	6.5	19	.463	487	.335	18.2	581	.652	11.8	379
261	McNeese	29	302	10.4	403	13.9	0.75	2016	0.16	574	91	3.14	285	33.7	976	9.8	23.8	691	159	0.28	0.39	5.48	1109	70.4	588	.469	195	1.20	6.7	20	.479	520	.332	21.0	610	.685	14.4	418
262	Cal Poly	31	322	10.4	333	10.7	0.97	2016	0.20	574	113	3.65	300	32.3	1002	9.7	22.6	702	162	0.28	0.49	5.23	1042	67.2	759	.449	258	1.16	8.3	24	.475	468	.340	17.2	534	.697	12.0	372
263	Idaho State	30	310	10.3	400	13.3	0.78	2016	0.13	557	72	2.40	225	29.5	886	7.5	22.0	661	219	0.39	0.55	7.30	1012	69.7	647	.482	231	1.26	7.7	22	.503	488	.357	20.8	624	.676	14.1	422
264	Charleston	34	349	10.3	353	10.4	0.99	2016	0.20	582	117	3.44	290	34.1	1158	8.5	25.5	868	191	0.33	0.54	5.62	1163	68.9	633	.488	209	1.30	6.1	19	.490	567	.330	23.2	788	.737	17.1	581
265	SIU-Edwardsville	30	305	10.2	436	14.5	0.70	2016	0.13	657	85	2.83	353	35.8	1073	11.8	24.0	720	142	0.22	0.33	4.73	1200	68.1	486	.454	142	1.21	4.7	16	.450	545	.292	26.0	780	.677	17.6	528
266	Northern Iowa	30	298	9.9	342	11.4	0.87	2016	0.18	464	84	2.80	182	29.4	883	6.1	23.4	701	197	0.42	0.58	6.57	857	61.8	702	.459	229	1.19	7.6	23	.472	393	.326	17.3	520	.733	12.7	381
267	Portland	33	325	9.8	424	12.8	0.77	2016	0.19	582	112	3.39	278	33.3	1098	8.4	24.8	820	163	0.28	0.38	4.94	1220	67.1	573	.446	214	1.24	6.5	17	.482	544	.373	19.8	655	.740	14.7	485
268	Alabama State	31	300	9.7	488	15.7	0.61	2016	0.16	630	98	3.16	427	38.5	1192	13.8	24.7	765	150	0.24	0.31	4.84	1160	65.9	674	.447	200	1.11	6.5	22	.447	519	.297	20.5	634	.637	13.0	404
269	St. Francis (BKN)	31	287	9.3	379	12.2	0.76	2016	0.13	672	89	2.87	390	34.8	1079	12.6	22.2	689	208	0.31	0.55	6.71	1079	62.0	792	.398	221	1.03	7.1	26	.406	429	.279	19.9	616	.649	12.9	400
270	Howard	34	307	9.0	500	14.7	0.61	2016	0.20	636	126	3.71	420	37.0	1257	12.4	24.6	837	179	0.28	0.36	5.26	1265	63.7	591	.436	172	1.17	5.1	17	.436	551	.291	24.5	833	.657	16.1	547
271	Portland St	31	491	15.8	376	12.1	1.31	2016	0.14	590	81	2.61	322	34.3	1064	10.4	23.9	742	307	0.52	0.82	9.90	1294	85.3	697	.557	238	1.33	7.7	22	.541	721	.341	24.0	743	.658	15.8	489
272	Cincinnati	34	538	15.8	340	10.0	1.58	2016	0.32	542	173	5.09	421	37.2	1264	12.4	24.8	843	254	0.47	0.75	7.47	1282	74.5	734	.518	252	1.26	7.4	22	.517	664	.343	19.3	656	.683	13.2	448
273	Iowa State	33	522	15.8	335	10.2	1.56	2016	0.22	526	118	3.58	308	34.9	1153	9.3	25.6	845	261	0.50	0.78	7.91	1254	80.9	818	.512	329	1.29	10.0	25	.548	642	.402	17.3	572	.696	12.1	398
274	Texas A&M;	31	489	15.8	439	14.2	1.11	2016	0.34	511	173	5.58	401	38.6	1197	12.9	25.7	796	186	0.36	0.42	6.00	1180	70.2	574	.521	189	1.24	6.1	19	.512	615	.329	18.8	584	.649	12.2	379
275	Dayton	31	489	15.8	370	11.9	1.32	2016	0.22	578	125	4.03	267	34.5	1068	8.6	25.8	801	243	0.42	0.66	7.84	1056	76.5	649	.522	251	1.39	8.1	21	.544	551	.387	24.1	748	.689	16.6	515
276	New Orleans	31	489	15.8	520	16.8	0.94	2016	0.17	544	95	3.06	376	35.9	1112	12.1	23.7	736	242	0.44	0.47	7.81	1272	73.1	429	.521	138	1.33	4.5	14	.511	663	.322	23.8	737	.712	16.9	525
277	Baylor	32	503	15.7	429	13.4	1.17	2016	0.27	566	154	4.81	412	38.0	1217	12.9	25.2	805	162	0.29	0.38	5.06	1177	72.7	602	.528	216	1.31	6.8	19	.532	622	.359	19.0	607	.717	13.6	435
278	Yale	29	455	15.7	377	13.0	1.21	2016	0.28	454	127	4.38	301	36.5	1058	10.4	26.1	757	162	0.36	0.43	5.59	1064	74.2	583	.527	208	1.31	7.2	20	.530	561	.357	19.1	553	.732	14.0	405
279	BYU	33	516	15.6	449	13.6	1.15	2016	0.24	641	155	4.70	347	41.6	1374	10.5	31.1	1027	221	0.34	0.49	6.70	1355	80.4	636	.509	219	1.33	6.6	19	.512	690	.344	25.5	840	.732	18.6	615
280	Columbia	27	422	15.6	347	12.9	1.22	2016	0.16	506	81	3.00	273	35.0	946	10.1	24.9	673	192	0.38	0.55	7.11	1017	71.9	587	.481	211	1.21	7.8	22	.502	489	.359	17.2	465	.708	12.2	329
281	Davidson	32	500	15.6	390	12.2	1.28	2016	0.18	583	106	3.31	285	35.9	1149	8.9	27.0	864	163	0.28	0.42	5.09	1005	73.8	856	.519	292	1.27	9.1	27	.516	522	.341	18.3	587	.753	13.8	442
282	South Carolina Upstate	32	500	15.6	405	12.7	1.23	2016	0.19	537	104	3.25	389	39.0	1249	12.2	26.9	860	169	0.31	0.42	5.28	1188	78.7	797	.534	280	1.27	8.8	25	.531	634	.351	19.6	627	.654	12.8	410
283	Iona	34	531	15.6	411	12.1	1.29	2016	0.15	652	101	2.97	326	36.0	1224	9.6	26.4	898	235	0.36	0.57	6.91	1255	80.5	836	.493	332	1.31	9.8	25	.534	619	.397	19.2	652	.770	14.8	502
284	Utah Valley	31	484	15.6	479	15.5	1.01	2016	0.19	606	116	3.74	272	39.4	1220	8.8	30.6	948	199	0.33	0.42	6.42	987	77.0	855	.539	272	1.30	8.8	28	.510	532	.318	23.3	721	.705	16.4	508
285	Ball State	33	515	15.6	486	14.7	1.06	2016	0.19	644	120	3.64	329	37.7	1245	10.0	27.8	916	198	0.31	0.41	6.00	1140	78.7	805	.521	305	1.34	9.2	24	.541	594	.379	20.8	687	.719	15.0	494
286	UNC Asheville	32	499	15.6	369	11.5	1.35	2016	0.12	531	62	1.94	274	33.7	1078	8.6	25.1	804	300	0.56	0.81	9.38	1198	77.2	652	.518	258	1.33	8.1	20	.544	620	.396	20.8	667	.682	14.2	455
287	Wake Forest	32	498	15.6	378	11.8	1.32	2016	0.19	643	120	3.75	342	36.8	1176	10.7	26.1	834	175	0.27	0.46	5.47	1232	82.7	670	.519	259	1.39	8.1	21	.540	639	.387	23.9	764	.772	18.4	590
288	Syracuse	32	498	15.6	388	12.1	1.28	2016	0.30	514	152	4.75	339	34.7	1111	10.6	24.1	772	256	0.50	0.66	8.00	1095	75.8	737	.505	283	1.32	8.8	23	.534	553	.384	20.0	639	.734	14.7	469
289	Kentucky	34	528	15.5	409	12.0	1.29	2016	0.28	654	180	5.29	428	40.2	1366	12.6	27.6	938	206	0.31	0.50	6.06	1473	85.9	679	.534	240	1.36	7.1	20	.533	786	.353	26.4	899	.701	18.5	630
290	Florida Gulf Coast	33	509	15.4	410	12.4	1.24	2016	0.19	613	115	3.48	372	37.7	1243	11.3	26.4	871	202	0.33	0.49	6.12	1341	79.4	608	.570	213	1.34	6.5	18	.556	765	.350	19.5	644	.702	13.7	452
291	UT Arlington	33	507	15.4	435	13.2	1.17	2016	0.12	624	73	2.21	399	38.9	1285	12.1	26.8	886	235	0.38	0.54	7.12	1139	77.3	829	.547	279	1.30	8.5	25	.529	623	.337	21.0	693	.677	14.2	469
292	USC	33	505	15.3	368	11.2	1.37	2016	0.34	524	179	5.42	356	36.1	1191	10.8	25.3	835	239	0.46	0.65	7.24	1264	78.7	713	.505	259	1.31	7.8	22	.519	638	.363	22.3	736	.739	16.5	544
293	Eastern Illinois	29	443	15.3	370	12.8	1.20	2016	0.21	561	119	4.10	348	37.3	1082	12.0	25.3	734	198	0.35	0.54	6.83	1156	74.8	696	.444	259	1.17	8.9	24	.487	513	.372	17.3	501	.731	12.6	366
294	Northwestern	34	519	15.3	358	10.5	1.45	2016	0.26	647	170	5.00	366	36.2	1231	10.8	25.4	865	171	0.26	0.48	5.03	1266	71.1	707	.489	241	1.23	7.1	21	.497	619	.341	17.9	607	.751	13.4	456
295	Middle Tennessee	34	519	15.3	354	10.4	1.47	2016	0.16	614	97	2.85	337	35.5	1208	9.9	25.6	871	233	0.38	0.66	6.85	1372	75.0	590	.542	217	1.30	6.4	17	.545	744	.368	17.4	590	.698	12.1	412
296	VCU	34	519	15.3	426	12.5	1.22	2016	0.19	696	134	3.94	375	36.6	1246	11.0	25.6	871	256	0.37	0.60	7.53	1396	74.7	589	.515	197	1.28	5.8	17	.511	719	.334	21.2	721	.707	15.0	510
297	UAB	33	503	15.2	444	13.5	1.13	2016	0.31	527	161	4.88	321	36.0	1187	9.7	26.2	866	157	0.30	0.35	4.76	1226	71.8	582	.515	203	1.31	6.2	18	.518	632	.349	20.4	674	.736	15.0	496
298	North Dakota	31	469	15.1	413	13.3	1.14	2016	0.14	647	91	2.94	288	35.9	1114	9.3	26.6	826	245	0.38	0.59	7.90	1287	80.5	563	.525	218	1.35	7.0	18	.542	676	.387	22.0	682	.718	15.8	490
299	UT Rio Grande Valley	32	484	15.1	507	15.8	0.95	2016	0.11	780	82	2.56	382	36.8	1179	11.9	24.9	797	246	0.32	0.49	7.69	1229	78.3	821	.483	276	1.22	8.6	26	.491	593	.336	21.4	685	.717	15.3	491
300	Virginia Tech	32	483	15.1	388	12.1	1.24	2016	0.17	525	89	2.78	234	32.5	1041	7.3	25.2	807	128	0.24	0.33	4.00	1061	79.3	703	.548	283	1.44	8.8	22	.570	581	.403	22.3	715	.734	16.4	525
301	Youngstown State	34	513	15.1	406	11.9	1.26	2016	0.19	566	107	3.15	355	36.6	1246	10.4	26.2	891	187	0.33	0.46	5.50	1480	76.9	750	.494	250	1.17	7.4	22	.496	731	.333	17.7	601	.672	11.9	404
302	Denver	30	452	15.1	404	13.5	1.12	2016	0.11	603	64	2.13	273	35.3	1058	9.1	26.2	785	150	0.25	0.37	5.00	1129	75.8	555	.521	223	1.35	7.4	19	.548	588	.402	19.4	583	.734	14.3	428
303	Furman	32	482	15.1	413	12.9	1.17	2016	0.13	572	77	2.41	294	34.8	1114	9.2	25.6	820	222	0.39	0.54	6.94	1016	74.4	755	.540	293	1.34	9.2	24	.558	549	.388	18.3	586	.689	12.6	404
304	Utah State	31	466	15.0	391	12.6	1.19	2016	0.15	589	91	2.94	256	35.4	1098	8.3	27.2	842	153	0.26	0.39	4.94	1095	72.3	618	.508	234	1.31	7.5	20	.529	556	.379	19.6	609	.701	13.8	427
305	Georgia Tech	32	481	15.0	438	13.7	1.10	2016	0.36	525	191	5.97	315	36.3	1161	9.8	26.4	846	207	0.39	0.47	6.47	1361	67.0	438	.470	144	1.19	4.5	14	.476	640	.329	19.8	635	.680	13.5	432
306	Georgetown	32	480	15.0	454	14.2	1.06	2016	0.22	672	147	4.59	305	35.7	1141	9.5	26.1	836	175	0.26	0.39	5.47	1163	74.0	590	.518	206	1.35	6.4	18	.520	602	.349	23.3	747	.732	17.1	547
307	Kansas State	33	494	15.0	431	13.1	1.15	2016	0.21	585	125	3.79	314	32.8	1081	9.5	23.2	767	258	0.44	0.60	7.82	1133	71.7	649	.515	234	1.33	7.1	20	.524	583	.361	21.9	724	.689	15.1	499
308	Wyoming	32	478	14.9	433	13.5	1.10	2016	0.22	684	152	4.75	274	38.5	1232	8.6	29.9	958	172	0.25	0.40	5.38	1016	77.5	898	.502	307	1.30	9.6	28	.507	510	.342	23.1	739	.728	16.8	538
309	Minnesota	33	492	14.9	385	11.7	1.28	2016	0.40	556	224	6.79	374	39.9	1317	11.3	28.6	943	189	0.34	0.49	5.73	1396	75.3	589	.473	203	1.25	6.2	18	.486	660	.345	23.8	785	.707	16.8	555
310	Sam Houston State	34	506	14.9	466	13.7	1.09	2016	0.12	758	93	2.74	401	37.7	1281	11.8	25.9	880	239	0.32	0.51	7.03	1384	74.3	669	.496	212	1.23	6.2	20	.489	686	.317	22.2	755	.686	15.2	518
311	Xavier	34	505	14.9	435	12.8	1.16	2016	0.14	636	91	2.68	415	37.6	1278	12.2	25.4	863	209	0.33	0.48	6.15	1226	74.6	703	.520	239	1.32	7.0	21	.516	637	.340	23.4	794	.688	16.1	546
312	New Mexico State	33	490	14.8	454	13.8	1.08	2016	0.21	609	126	3.82	427	39.8	1312	12.9	26.8	885	160	0.26	0.35	4.85	1168	78.9	725	.549	244	1.38	7.4	22	.532	641	.337	25.2	830	.712	17.9	591
313	East Tennessee State	34	504	14.8	502	14.8	1.00	2016	0.24	679	162	4.76	344	36.4	1237	10.1	26.3	893	284	0.42	0.57	8.35	1235	79.9	669	.550	256	1.43	7.5	20	.558	679	.383	24.7	840	.704	17.4	591
314	Air Force	32	474	14.8	390	12.2	1.22	2016	0.10	577	56	1.75	304	34.9	1117	9.5	25.4	813	193	0.33	0.49	6.03	1120	72.6	706	.476	256	1.27	8.0	22	.502	533	.363	21.3	681	.718	15.3	489
315	Loyola-Chicago	32	474	14.8	377	11.8	1.26	2016	0.14	545	76	2.38	218	31.3	1002	6.8	24.5	784	218	0.40	0.58	6.81	1089	73.4	666	.545	259	1.34	8.1	21	.559	593	.389	17.0	543	.709	12.0	385
316	Utah	31	459	14.8	415	13.4	1.11	2016	0.20	520	104	3.35	310	38.0	1177	10.0	28.0	867	190	0.37	0.46	6.13	1208	78.8	590	.579	210	1.36	6.8	19	.564	699	.356	19.5	606	.685	13.4	415
317	Fairfield	30	444	14.8	403	13.4	1.10	2016	0.16	550	90	3.00	264	36.0	1081	8.8	27.2	817	161	0.29	0.40	5.37	1045	72.3	743	.517	249	1.21	8.3	25	.511	540	.335	16.7	500	.682	11.4	341
318	Loyola Marymount	30	444	14.8	395	13.2	1.12	2016	0.20	610	120	4.00	332	34.0	1021	11.1	23.0	689	228	0.37	0.58	7.60	1141	70.4	614	.493	217	1.20	7.2	20	.506	562	.353	18.2	546	.619	11.3	338
319	UNC Greensboro	34	503	14.8	462	13.6	1.09	2016	0.22	614	133	3.91	392	35.7	1213	11.5	24.1	821	237	0.39	0.51	6.97	1194	75.0	778	.513	301	1.29	8.9	23	.540	613	.387	17.5	595	.709	12.4	422
320	Boston College	32	473	14.8	467	14.6	1.01	2016	0.15	597	87	2.72	292	34.9	1117	9.1	25.8	825	179	0.30	0.38	5.59	1196	72.5	684	.491	256	1.23	8.0	21	.516	587	.374	17.4	556	.680	11.8	378
321	Wright State	32	472	14.8	474	14.8	1.00	2016	0.13	594	75	2.34	326	35.5	1136	10.2	25.3	810	181	0.30	0.38	5.66	1070	77.0	749	.497	285	1.36	8.9	23	.527	532	.381	22.3	715	.764	17.1	546
322	Gardner-Webb	33	486	14.7	474	14.4	1.03	2016	0.18	670	118	3.58	372	38.2	1259	11.3	26.9	887	291	0.43	0.61	8.82	1353	77.2	552	.520	209	1.34	6.3	17	.534	704	.379	24.8	819	.624	15.5	511
323	UMBC	30	441	14.7	351	11.7	1.26	2016	0.13	576	73	2.43	282	35.3	1058	9.4	25.9	776	201	0.35	0.57	6.70	1096	81.4	725	.516	287	1.34	9.6	24	.547	565	.396	20.5	616	.734	15.1	452
324	Florida State	33	485	14.7	390	11.8	1.24	2016	0.26	641	168	5.09	389	37.7	1245	11.8	25.9	856	243	0.38	0.62	7.36	1395	82.5	637	.541	227	1.34	6.9	19	.539	755	.356	23.2	766	.692	16.1	530
325	Drexel	32	470	14.7	425	13.3	1.11	2016	0.15	644	98	3.06	379	36.8	1176	11.8	24.9	797	187	0.29	0.44	5.84	1246	74.9	741	.489	256	1.21	8.0	23	.500	609	.345	19.3	617	.666	12.8	411
326	Akron	34	499	14.7	396	11.6	1.26	2016	0.18	616	110	3.24	336	34.5	1173	9.9	24.6	837	185	0.30	0.47	5.44	990	77.2	927	.563	347	1.37	10.2	27	.562	557	.374	20.3	691	.680	13.8	470
327	Houston Baptist	30	440	14.7	402	13.4	1.09	2016	0.13	578	77	2.57	405	38.6	1159	13.5	25.1	754	188	0.33	0.47	6.27	1301	78.7	550	.503	189	1.28	6.3	18	.506	654	.344	23.2	696	.700	16.2	487
328	Oklahoma State	32	469	14.7	422	13.2	1.11	2016	0.14	708	96	3.00	438	36.7	1175	13.7	23.0	737	249	0.35	0.59	7.78	1270	85.5	716	.500	287	1.38	9.0	22	.537	635	.401	24.1	770	.787	18.9	606
329	Bucknell	34	497	14.6	451	13.3	1.10	2016	0.21	630	130	3.82	293	34.4	1171	8.6	25.8	878	244	0.39	0.54	7.18	1168	76.1	734	.546	277	1.36	8.1	22	.554	638	.377	20.8	707	.679	14.1	480
330	Washington State	31	453	14.6	389	12.5	1.16	2016	0.17	502	85	2.74	199	32.0	991	6.4	25.5	792	131	0.26	0.34	4.23	1165	70.3	574	.508	209	1.25	6.7	19	.521	592	.364	15.7	487	.756	11.9	368
331	Texas State	33	482	14.6	383	11.6	1.26	2016	0.24	586	141	4.27	319	33.5	1105	9.7	23.8	786	212	0.36	0.55	6.42	1187	67.5	599	.505	204	1.25	6.2	18	.507	600	.341	19.3	636	.656	12.6	417
332	Lehigh	32	467	14.6	450	14.1	1.04	2016	0.18	539	99	3.09	232	34.4	1100	7.3	27.1	868	215	0.40	0.48	6.72	1099	76.0	689	.534	270	1.36	8.4	22	.555	587	.392	18.1	580	.772	14.0	448
333	Elon	32	466	14.6	374	11.7	1.25	2016	0.14	532	76	2.38	291	37.8	1209	9.1	28.7	918	165	0.31	0.44	5.16	1043	75.1	868	.520	308	1.26	9.6	27	.525	542	.355	18.0	577	.685	12.3	395
334	Central Arkansas	32	465	14.5	446	13.9	1.04	2016	0.14	606	84	2.63	337	35.9	1150	10.5	25.4	813	178	0.29	0.40	5.56	1298	74.8	614	.467	230	1.25	7.2	19	.497	606	.375	21.5	687	.718	15.4	493
335	Temple	32	464	14.5	365	11.4	1.27	2016	0.22	581	128	4.00	320	34.3	1097	10.0	24.3	777	208	0.36	0.57	6.50	1109	70.9	807	.470	287	1.18	9.0	25	.497	521	.356	15.8	506	.723	11.4	366
336	Cornell	29	420	14.5	419	14.4	1.00	2016	0.15	529	78	2.69	219	33.6	975	7.6	26.1	756	150	0.28	0.36	5.17	928	71.5	720	.541	244	1.26	8.4	25	.527	502	.339	16.7	484	.698	11.7	338
337	UTEP	32	463	14.5	427	13.3	1.08	2016	0.16	618	99	3.09	235	34.5	1104	7.3	27.2	869	172	0.28	0.40	5.38	1214	69.3	517	.521	180	1.28	5.6	16	.521	632	.348	19.5	624	.662	12.9	413
338	CSU Bakersfield	31	448	14.5	464	15.0	0.97	2016	0.18	694	124	4.00	390	38.8	1204	12.6	26.3	814	266	0.38	0.57	8.58	1245	71.2	571	.489	191	1.22	6.2	18	.493	609	.335	21.2	656	.634	13.4	416
339	Quinnipiac	31	447	14.4	448	14.5	1.00	2016	0.18	607	111	3.58	432	39.5	1223	13.9	25.5	791	178	0.29	0.40	5.74	1308	76.7	700	.474	228	1.18	7.4	23	.479	620	.326	21.4	663	.683	14.6	453
340	Bryant	32	460	14.4	428	13.4	1.07	2016	0.10	680	69	2.16	345	35.9	1148	10.8	25.1	803	218	0.32	0.51	6.81	1216	74.2	702	.495	237	1.24	7.4	22	.499	602	.338	19.9	636	.720	14.3	458
341	Harvard	27	388	14.4	359	13.3	1.08	2016	0.25	514	129	4.78	275	35.9	968	10.2	25.7	693	165	0.32	0.46	6.11	883	71.9	631	.513	225	1.28	8.3	23	.522	453	.357	18.0	485	.744	13.4	361
342	Princeton	29	416	14.3	289	10.0	1.44	2016	0.19	468	89	3.07	240	33.4	969	8.3	25.1	729	198	0.42	0.69	6.83	901	72.1	758	.511	290	1.26	10.0	26	.539	460	.383	14.1	410	.734	10.4	301
343	Maryland	32	459	14.3	415	13.0	1.11	2016	0.25	594	151	4.72	344	35.9	1148	10.8	25.1	804	173	0.29	0.42	5.41	1056	74.2	730	.511	265	1.33	8.3	23	.525	540	.363	22.3	713	.698	15.6	498
344	Sacred Heart	32	459	14.3	516	16.1	0.89	2016	0.14	617	86	2.69	361	37.3	1194	11.3	26.0	833	217	0.35	0.42	6.78	1285	72.7	597	.492	200	1.24	6.3	19	.495	632	.335	20.6	659	.701	14.4	462
345	Pittsburgh	33	473	14.3	396	12.0	1.19	2016	0.20	548	112	3.39	314	35.1	1159	9.5	25.6	845	127	0.23	0.32	3.85	1097	72.8	729	.496	263	1.32	8.0	22	.514	544	.361	21.8	719	.733	16.0	527
346	Louisiana	33	473	14.3	440	13.3	1.08	2016	0.15	622	91	2.76	442	38.0	1253	13.4	24.6	811	233	0.37	0.53	7.06	1349	81.9	673	.529	231	1.34	7.0	20	.524	714	.343	25.4	839	.695	17.7	583
347	Pennsylvania	28	401	14.3	358	12.8	1.12	2016	0.20	501	100	3.57	267	34.8	973	9.5	25.2	706	181	0.36	0.51	6.46	912	68.9	690	.522	234	1.20	8.4	25	.516	476	.339	14.9	417	.657	9.8	274
348	Lamar	33	472	14.3	444	13.5	1.06	2016	0.13	712	91	2.76	385	35.3	1166	11.7	23.7	781	267	0.38	0.60	8.09	1211	77.7	720	.519	259	1.33	7.8	22	.527	629	.360	23.9	788	.670	16.0	528
349	Villanova	34	486	14.3	381	11.2	1.28	2016	0.22	482	105	3.09	291	33.4	1134	8.6	24.8	843	246	0.51	0.65	7.24	1027	77.7	810	.597	300	1.44	8.8	24	.579	613	.370	19.1	649	.794	15.1	515
350	NC State	32	457	14.3	428	13.4	1.07	2016	0.24	582	140	4.38	329	36.3	1161	10.3	26.0	832	162	0.28	0.38	5.06	1263	77.6	635	.524	226	1.31	7.1	20	.527	662	.356	21.5	687	.700	15.0	481
